date,cash,holdings_value,total_value,return
2022-07-04 00:00:00,1000000.0,0.0,1000000.0,0.0
2022-07-05 00:00:00,1000000.0,0.0,1000000.0,0.0
2022-07-06 00:00:00,1000000.0,0.0,1000000.0,0.0
2022-07-07 00:00:00,1000000.0,0.0,1000000.0,0.0
2022-07-08 00:00:00,1000000.0,0.0,1000000.0,0.0
2022-07-11 00:00:00,1000000.0,0.0,1000000.0,0.0
2022-07-12 00:00:00,1000000.0,0.0,1000000.0,0.0
2022-07-13 00:00:00,1000000.0,0.0,1000000.0,0.0
2022-07-14 00:00:00,1000000.0,0.0,1000000.0,0.0
2022-07-15 00:00:00,1000000.0,0.0,1000000.0,0.0
2022-07-18 00:00:00,1000000.0,0.0,1000000.0,0.0
2022-07-19 00:00:00,1000000.0,0.0,1000000.0,0.0
2022-07-20 00:00:00,1000000.0,0.0,1000000.0,0.0
2022-07-21 00:00:00,1000000.0,0.0,1000000.0,0.0
2022-07-22 00:00:00,1000000.0,0.0,1000000.0,0.0
2022-07-25 00:00:00,1000000.0,0.0,1000000.0,0.0
2022-07-26 00:00:00,1000000.0,0.0,1000000.0,0.0
2022-07-27 00:00:00,1000000.0,0.0,1000000.0,0.0
2022-07-28 00:00:00,1000000.0,0.0,1000000.0,0.0
2022-07-29 00:00:00,901038.8800563719,98881.99951171875,999920.8795680907,-0.007912043190938522
2022-08-01 00:00:00,801832.931190795,200585.65673828125,1002418.5879290763,0.24185879290763435
2022-08-02 00:00:00,702249.4099444088,300852.97790527344,1003102.3878496822,0.3102387849682309
2022-08-03 00:00:00,601829.7984823773,403718.22509765625,1005548.0235800336,0.554802358003359
2022-08-04 00:00:00,502737.5159336414,497395.0052490235,1000132.5211826649,0.013252118266482427
2022-08-05 00:00:00,403956.84788034076,588767.0690917969,992723.9169721376,-0.7276083027862312
2022-08-08 00:00:00,303883.9288857012,696462.2429199219,1000346.1718056231,0.0346171805623019
2022-08-10 00:00:00,204383.23264782253,800047.7973632812,1004431.0300111037,0.4431030011103676
2022-08-11 00:00:00,104551.18445451907,902464.3056640625,1007015.4901185816,0.7015490118581491
2022-08-12 00:00:00,3104.7858791199396,1018423.0427246094,1021527.8286037294,2.152782860372948
2022-08-16 00:00:00,701.2218710220272,1027902.9189453125,1028604.1408163345,2.8604140816334445
2022-08-17 00:00:00,701.2218710220272,1033272.5634765625,1033973.7853475845,3.397378534758455
2022-08-18 00:00:00,701.2218710220272,1035146.5263671875,1035847.7482382095,3.5847748238209576
2022-08-19 00:00:00,701.2218710220272,1016690.17578125,1017391.397652272,1.7391397652271934
2022-08-22 00:00:00,701.2218710220272,1013870.140625,1014571.362496022,1.4571362496021978
2022-08-23 00:00:00,701.2218710220272,1029506.4560546875,1030207.6779257095,3.020767792570944
2022-08-24 00:00:00,701.2218710220272,1026764.267578125,1027465.489449147,2.7465489449147062
2022-08-25 00:00:00,701.2218710220272,1023769.2080078125,1024470.4298788345,2.447042987883452
2022-08-26 00:00:00,701.2218710220272,1018304.37109375,1019005.592964772,1.9005592964772111
2022-08-29 00:00:00,701.2218710220272,1010388.9833984375,1011090.2052694595,1.1090205269459474
2022-08-30 00:00:00,701.2218710220272,1026064.169921875,1026765.391792897,2.676539179289694
2022-09-01 00:00:00,701.2218710220272,995900.0966796875,996601.3185507095,-0.33986814492904527
2022-09-02 00:00:00,701.2218710220272,984270.01171875,984971.233589772,-1.502876641022799
2022-09-05 00:00:00,701.2218710220272,999556.3828125,1000257.604683522,0.025760468352209465
2022-09-06 00:00:00,1009971.1168022243,0.0,1009971.1168022243,0.9971116802224289
2022-09-07 00:00:00,1009971.1168022243,0.0,1009971.1168022243,0.9971116802224289
2022-09-08 00:00:00,1009971.1168022243,0.0,1009971.1168022243,0.9971116802224289
2022-09-09 00:00:00,1009971.1168022243,0.0,1009971.1168022243,0.9971116802224289
2022-09-12 00:00:00,1009971.1168022243,0.0,1009971.1168022243,0.9971116802224289
2022-09-13 00:00:00,1009971.1168022243,0.0,1009971.1168022243,0.9971116802224289
2022-09-14 00:00:00,1009971.1168022243,0.0,1009971.1168022243,0.9971116802224289
2022-09-15 00:00:00,1009971.1168022243,0.0,1009971.1168022243,0.9971116802224289
2022-09-16 00:00:00,1009971.1168022243,0.0,1009971.1168022243,0.9971116802224289
2022-09-19 00:00:00,1009971.1168022243,0.0,1009971.1168022243,0.9971116802224289
2022-09-20 00:00:00,1009971.1168022243,0.0,1009971.1168022243,0.9971116802224289
2022-09-21 00:00:00,1009971.1168022243,0.0,1009971.1168022243,0.9971116802224289
2022-09-22 00:00:00,1009971.1168022243,0.0,1009971.1168022243,0.9971116802224289
2022-09-23 00:00:00,1009971.1168022243,0.0,1009971.1168022243,0.9971116802224289
2022-09-26 00:00:00,1009971.1168022243,0.0,1009971.1168022243,0.9971116802224289
2022-09-27 00:00:00,1009971.1168022243,0.0,1009971.1168022243,0.9971116802224289
2022-09-28 00:00:00,1009971.1168022243,0.0,1009971.1168022243,0.9971116802224289
2022-09-29 00:00:00,1009971.1168022243,0.0,1009971.1168022243,0.9971116802224289
2022-09-30 00:00:00,1009971.1168022243,0.0,1009971.1168022243,0.9971116802224289
2022-10-03 00:00:00,1009971.1168022243,0.0,1009971.1168022243,0.9971116802224289
2022-10-04 00:00:00,1009971.1168022243,0.0,1009971.1168022243,0.9971116802224289
2022-10-06 00:00:00,1009971.1168022243,0.0,1009971.1168022243,0.9971116802224289
2022-10-07 00:00:00,1009971.1168022243,0.0,1009971.1168022243,0.9971116802224289
2022-10-10 00:00:00,1009971.1168022243,0.0,1009971.1168022243,0.9971116802224289
2022-10-11 00:00:00,1009971.1168022243,0.0,1009971.1168022243,0.9971116802224289
2022-10-12 00:00:00,1009971.1168022243,0.0,1009971.1168022243,0.9971116802224289
2022-10-13 00:00:00,1009971.1168022243,0.0,1009971.1168022243,0.9971116802224289
2022-10-14 00:00:00,1009971.1168022243,0.0,1009971.1168022243,0.9971116802224289
2022-10-17 00:00:00,1009971.1168022243,0.0,1009971.1168022243,0.9971116802224289
2022-10-18 00:00:00,1009971.1168022243,0.0,1009971.1168022243,0.9971116802224289
2022-10-19 00:00:00,909034.0782241642,100856.33837890625,1009890.4166030705,0.989041660307044
2022-10-20 00:00:00,808963.0176489438,201118.36743164062,1010081.3850805844,1.0081385080584537
2022-10-21 00:00:00,708928.5318478576,298740.4372558594,1007668.969103717,0.766896910371706
2022-10-24 00:00:00,608560.1377262174,400025.76110839844,1008585.8988346158,0.8585898834615913
2022-10-25 00:00:00,508631.5609412978,493696.26525878906,1002327.8262000869,0.23278262000867578
2022-10-27 00:00:00,408310.0735847934,595878.7158203125,1004188.7894051059,0.41887894051058083
2022-10-28 00:00:00,306067.7481303351,716271.943359375,1022339.6914897101,2.2339691489710045
2022-10-31 00:00:00,204035.77701355706,824871.3818359375,1028907.1588494945,2.8907158849494463
2022-11-01 00:00:00,102794.17120039524,919642.3828125,1022436.5540128952,2.243655401289524
2022-11-02 00:00:00,920.2795948101557,1027178.2822265625,1028098.5618213727,2.8098561821372714
2022-11-03 00:00:00,920.2795948101557,1031011.6845703125,1031931.9641651227,3.1931964165122784
2022-11-04 00:00:00,920.2795948101557,1046183.3466796875,1047103.6262744977,4.710362627449771
2022-11-07 00:00:00,920.2795948101557,1051771.828125,1052692.1077198102,5.269210771981014
2022-11-09 00:00:00,920.2795948101557,1050722.748046875,1051643.0276416852,5.164302764168527
2022-11-10 00:00:00,920.2795948101557,1038012.4892578125,1038932.7688526227,3.8932768852622646
2022-11-11 00:00:00,920.2795948101557,1061940.251953125,1062860.5315479352,6.286053154793514
2022-11-14 00:00:00,920.2795948101557,1056795.5537109375,1057715.8333057477,5.77158333057477
2022-11-15 00:00:00,920.2795948101557,1052054.2060546875,1052974.4856494977,5.2974485649497804
2022-11-16 00:00:00,920.2795948101557,1046021.94140625,1046942.2210010602,4.694222100106016
2022-11-17 00:00:00,920.2795948101557,1048725.5068359375,1049645.7864307477,4.96457864307478
2022-11-18 00:00:00,920.2795948101557,1048160.5341796875,1049080.8137744977,4.90808137744978
2022-11-21 00:00:00,920.2795948101557,1029296.8212890625,1030217.1008838727,3.021710088387275
2022-11-22 00:00:00,920.2795948101557,1035006.275390625,1035926.5549854352,3.592655498543529
2022-11-23 00:00:00,920.2795948101557,1031778.2783203125,1032698.5579151227,3.269855791512266
2022-11-24 00:00:00,920.2795948101557,1040675.6220703125,1041595.9016651227,4.159590166512261
2022-11-25 00:00:00,920.2795948101557,1056210.4189453125,1057130.6985401227,5.713069854012276
2022-11-28 00:00:00,920.2795948101557,1092505.576171875,1093425.8557666852,9.342585576668515
2022-11-29 00:00:00,920.2795948101557,1094381.8447265625,1095302.1243213727,9.530212432137276
2022-11-30 00:00:00,920.2795948101557,1102108.9189453125,1103029.1985401227,10.302919854012282
2022-12-01 00:00:00,920.2795948101557,1098860.759765625,1099781.0393604352,9.978103936043524
2022-12-02 00:00:00,920.2795948101557,1098396.7060546875,1099316.9856494977,9.931698564949777
2022-12-05 00:00:00,920.2795948101557,1082377.5849609375,1083297.8645557477,8.329786455574762
2022-12-06 00:00:00,920.2795948101557,1085504.771484375,1086425.0510791852,8.64250510791853
2022-12-07 00:00:00,920.2795948101557,1069485.650390625,1070405.9299854352,7.040592998543516
2022-12-08 00:00:00,920.2795948101557,1068981.2724609375,1069901.5520557477,6.990155205574777
2022-12-09 00:00:00,920.2795948101557,1052780.6923828125,1053700.9719776227,5.370097197762269
2022-12-12 00:00:00,920.2795948101557,1054394.5283203125,1055314.8079151227,5.531480791512267
2022-12-13 00:00:00,920.2795948101557,1059196.3623046875,1060116.6418994977,6.011664189949761
2022-12-14 00:00:00,920.2795948101557,1055363.1767578125,1056283.4563526227,5.628345635262266
2022-12-15 00:00:00,920.2795948101557,1040372.9736328125,1041293.2532276227,4.129325322762267
2022-12-16 00:00:00,1035320.4193376291,0.0,1035320.4193376291,3.5320419337629083
2022-12-19 00:00:00,1035320.4193376291,0.0,1035320.4193376291,3.5320419337629083
2022-12-20 00:00:00,1035320.4193376291,0.0,1035320.4193376291,3.5320419337629083
2022-12-21 00:00:00,1035320.4193376291,0.0,1035320.4193376291,3.5320419337629083
2022-12-22 00:00:00,1035320.4193376291,0.0,1035320.4193376291,3.5320419337629083
2022-12-23 00:00:00,1035320.4193376291,0.0,1035320.4193376291,3.5320419337629083
2022-12-26 00:00:00,1035320.4193376291,0.0,1035320.4193376291,3.5320419337629083
2022-12-27 00:00:00,1035320.4193376291,0.0,1035320.4193376291,3.5320419337629083
2022-12-28 00:00:00,1035320.4193376291,0.0,1035320.4193376291,3.5320419337629083
2022-12-29 00:00:00,1035320.4193376291,0.0,1035320.4193376291,3.5320419337629083
2022-12-30 00:00:00,1035320.4193376291,0.0,1035320.4193376291,3.5320419337629083
2023-01-02 00:00:00,1035320.4193376291,0.0,1035320.4193376291,3.5320419337629083
2023-01-03 00:00:00,1035320.4193376291,0.0,1035320.4193376291,3.5320419337629083
2023-01-04 00:00:00,1035320.4193376291,0.0,1035320.4193376291,3.5320419337629083
2023-01-05 00:00:00,1035320.4193376291,0.0,1035320.4193376291,3.5320419337629083
2023-01-06 00:00:00,1035320.4193376291,0.0,1035320.4193376291,3.5320419337629083
2023-01-09 00:00:00,1035320.4193376291,0.0,1035320.4193376291,3.5320419337629083
2023-01-10 00:00:00,1035320.4193376291,0.0,1035320.4193376291,3.5320419337629083
2023-01-11 00:00:00,1035320.4193376291,0.0,1035320.4193376291,3.5320419337629083
2023-01-12 00:00:00,1035320.4193376291,0.0,1035320.4193376291,3.5320419337629083
2023-01-13 00:00:00,1035320.4193376291,0.0,1035320.4193376291,3.5320419337629083
2023-01-16 00:00:00,1035320.4193376291,0.0,1035320.4193376291,3.5320419337629083
2023-01-17 00:00:00,1035320.4193376291,0.0,1035320.4193376291,3.5320419337629083
2023-01-18 00:00:00,1035320.4193376291,0.0,1035320.4193376291,3.5320419337629083
2023-01-19 00:00:00,1035320.4193376291,0.0,1035320.4193376291,3.5320419337629083
2023-01-20 00:00:00,1035320.4193376291,0.0,1035320.4193376291,3.5320419337629083
2023-01-23 00:00:00,1035320.4193376291,0.0,1035320.4193376291,3.5320419337629083
2023-01-24 00:00:00,1035320.4193376291,0.0,1035320.4193376291,3.5320419337629083
2023-01-25 00:00:00,1035320.4193376291,0.0,1035320.4193376291,3.5320419337629083
2023-01-27 00:00:00,1035320.4193376291,0.0,1035320.4193376291,3.5320419337629083
2023-01-30 00:00:00,1035320.4193376291,0.0,1035320.4193376291,3.5320419337629083
2023-01-31 00:00:00,1035320.4193376291,0.0,1035320.4193376291,3.5320419337629083
2023-02-01 00:00:00,1035320.4193376291,0.0,1035320.4193376291,3.5320419337629083
2023-02-02 00:00:00,1035320.4193376291,0.0,1035320.4193376291,3.5320419337629083
2023-02-03 00:00:00,1035320.4193376291,0.0,1035320.4193376291,3.5320419337629083
2023-02-06 00:00:00,1035320.4193376291,0.0,1035320.4193376291,3.5320419337629083
2023-02-07 00:00:00,1035320.4193376291,0.0,1035320.4193376291,3.5320419337629083
2023-02-08 00:00:00,1035320.4193376291,0.0,1035320.4193376291,3.5320419337629083
2023-02-09 00:00:00,1035320.4193376291,0.0,1035320.4193376291,3.5320419337629083
2023-02-10 00:00:00,1035320.4193376291,0.0,1035320.4193376291,3.5320419337629083
2023-02-13 00:00:00,1035320.4193376291,0.0,1035320.4193376291,3.5320419337629083
2023-02-14 00:00:00,1035320.4193376291,0.0,1035320.4193376291,3.5320419337629083
2023-02-15 00:00:00,1035320.4193376291,0.0,1035320.4193376291,3.5320419337629083
2023-02-16 00:00:00,1035320.4193376291,0.0,1035320.4193376291,3.5320419337629083
2023-02-17 00:00:00,1035320.4193376291,0.0,1035320.4193376291,3.5320419337629083
2023-02-20 00:00:00,932111.158821352,103126.74365234375,1035237.9024736957,3.5237902473695737
2023-02-21 00:00:00,829166.7100003312,206830.3319091797,1035997.0419095109,3.5997041909510807
2023-02-22 00:00:00,726393.1712611765,304831.2253417969,1031224.3966029733,3.122439660297327
2023-02-23 00:00:00,624112.1197764998,405569.76135253906,1029681.8811290389,2.968188112903891
2023-02-24 00:00:00,521131.1941600705,511243.52734375,1032374.7215038205,3.237472150382059
2023-02-27 00:00:00,418835.03171707434,610058.4312744141,1028893.4629914884,2.8893462991488317
2023-02-28 00:00:00,317439.722938688,699701.4851074219,1017141.2080461099,1.7141208046109968
2023-03-01 00:00:00,215112.3564706048,808378.9167480469,1023491.2732186517,2.349127321865163
2023-03-02 00:00:00,113564.24192869094,903689.8077392578,1017254.0496679487,1.7254049667948745
2023-03-03 00:00:00,10509.885411119089,1029719.6350097656,1040229.5204208847,4.022952042088468
2023-03-06 00:00:00,1049455.8864803081,0.0,1049455.8864803081,4.9455886480308076
2023-03-08 00:00:00,1049455.8864803081,0.0,1049455.8864803081,4.9455886480308076
2023-03-09 00:00:00,1049455.8864803081,0.0,1049455.8864803081,4.9455886480308076
2023-03-10 00:00:00,1049455.8864803081,0.0,1049455.8864803081,4.9455886480308076
2023-03-13 00:00:00,1049455.8864803081,0.0,1049455.8864803081,4.9455886480308076
2023-03-14 00:00:00,1049455.8864803081,0.0,1049455.8864803081,4.9455886480308076
2023-03-15 00:00:00,1049455.8864803081,0.0,1049455.8864803081,4.9455886480308076
2023-03-16 00:00:00,1049455.8864803081,0.0,1049455.8864803081,4.9455886480308076
2023-03-17 00:00:00,1049455.8864803081,0.0,1049455.8864803081,4.9455886480308076
2023-03-20 00:00:00,1049455.8864803081,0.0,1049455.8864803081,4.9455886480308076
2023-03-21 00:00:00,1049455.8864803081,0.0,1049455.8864803081,4.9455886480308076
2023-03-22 00:00:00,1049455.8864803081,0.0,1049455.8864803081,4.9455886480308076
2023-03-23 00:00:00,1049455.8864803081,0.0,1049455.8864803081,4.9455886480308076
2023-03-24 00:00:00,1049455.8864803081,0.0,1049455.8864803081,4.9455886480308076
2023-03-27 00:00:00,1049455.8864803081,0.0,1049455.8864803081,4.9455886480308076
2023-03-28 00:00:00,1049455.8864803081,0.0,1049455.8864803081,4.9455886480308076
2023-03-29 00:00:00,1049455.8864803081,0.0,1049455.8864803081,4.9455886480308076
2023-03-31 00:00:00,1049455.8864803081,0.0,1049455.8864803081,4.9455886480308076
2023-04-03 00:00:00,1049455.8864803081,0.0,1049455.8864803081,4.9455886480308076
2023-04-05 00:00:00,1049455.8864803081,0.0,1049455.8864803081,4.9455886480308076
2023-04-06 00:00:00,1049455.8864803081,0.0,1049455.8864803081,4.9455886480308076
2023-04-10 00:00:00,944788.4200743812,104583.78369140625,1049372.2037657874,4.937220376578733
2023-04-11 00:00:00,840665.6955917018,209140.58190917957,1049806.2775008813,4.98062775008814
2023-04-12 00:00:00,736083.9349154173,314560.7470703125,1050644.6819857298,5.06446819857298
2023-04-13 00:00:00,631107.7653993547,420639.2889404297,1051747.0543397844,5.174705433978444
2023-04-17 00:00:00,526675.6564756759,527121.866455078,1053797.5229307539,5.3797522930753905
2023-04-18 00:00:00,422374.67399538076,625305.556640625,1047680.2306360058,4.768023063600579
2023-04-19 00:00:00,317554.4817237898,733154.7121582031,1050709.193881993,5.070919388199302
2023-04-20 00:00:00,212999.4675292485,835771.37109375,1048770.8386229984,4.877083862299836
2023-04-21 00:00:00,108312.97174898509,941425.1806640625,1049738.1524130476,4.973815241304758
2023-04-24 00:00:00,3225.362549813697,1050035.9057617188,1053261.2683115324,5.326126831153255
2023-04-25 00:00:00,1064.3010186870738,1060232.8664550781,1061297.167473765,6.129716747376501
2023-04-26 00:00:00,1064.3010186870738,1054008.21875,1055072.519768687,5.507251976868699
2023-04-27 00:00:00,1064.3010186870738,1060679.0339355469,1061743.3349542338,6.174333495423379
2023-04-28 00:00:00,1064.3010186870738,1080067.1806640625,1081131.4816827495,8.113148168274954
2023-05-02 00:00:00,1064.3010186870738,1089236.9892578125,1090301.2902764995,9.030129027649947
2023-05-03 00:00:00,1064.3010186870738,1079888.6896972656,1080952.9907159526,8.095299071595253
2023-05-04 00:00:00,1064.3010186870738,1092338.1049804688,1093402.4059991557,9.34024059991556
2023-05-05 00:00:00,1064.3010186870738,1089549.2585449219,1090613.5595636088,9.061355956360885
2023-05-08 00:00:00,1064.3010186870738,1103002.73046875,1104067.031487437,10.406703148743702
2023-05-09 00:00:00,1064.3010186870738,1106416.3552246094,1107480.6562432963,10.748065624329639
2023-05-10 00:00:00,1064.3010186870738,1114024.2180175781,1115088.519036265,11.508851903626516
2023-05-11 00:00:00,1064.3010186870738,1106751.0407714844,1107815.3417901713,10.781534179017127
2023-05-12 00:00:00,1064.3010186870738,1108558.0070800781,1109622.308098765,10.962230809876505
2023-05-15 00:00:00,1064.3010186870738,1110744.4914550781,1111808.792473765,11.180879247376518
2023-05-16 00:00:00,1064.3010186870738,1094926.2839355469,1095990.5849542338,9.599058495423375
2023-05-17 00:00:00,1064.3010186870738,1088456.0163574219,1089520.3173761088,8.952031737610877
2023-05-18 00:00:00,1064.3010186870738,1086113.4572753906,1087177.7582940776,8.71777582940776
2023-05-19 00:00:00,1064.3010186870738,1089638.5639648438,1090702.8649835307,9.070286498353063
2023-05-22 00:00:00,1064.3010186870738,1095461.6369628906,1096525.9379815776,9.65259379815775
2023-05-23 00:00:00,1064.3010186870738,1095260.849609375,1096325.150628062,9.632515062806203
2023-05-24 00:00:00,1064.3010186870738,1088879.8874511719,1089944.1884698588,8.994418846985885
2023-05-25 00:00:00,1064.3010186870738,1088745.9892578125,1089810.2902764995,8.981029027649946
2023-05-26 00:00:00,1118611.6146795033,0.0,1118611.6146795033,11.861161467950332
2023-05-29 00:00:00,1118611.6146795033,0.0,1118611.6146795033,11.861161467950332
2023-05-30 00:00:00,1118611.6146795033,0.0,1118611.6146795033,11.861161467950332
2023-05-31 00:00:00,1118611.6146795033,0.0,1118611.6146795033,11.861161467950332
2023-06-01 00:00:00,1007713.2243251342,110809.72595214844,1118522.9502772826,11.852295027728266
2023-06-02 00:00:00,896060.7245828368,222010.83251953137,1118071.5571023682,11.807155710236827
2023-06-05 00:00:00,784532.0346431781,335444.2165527344,1119976.2511959125,11.997625119591238
2023-06-06 00:00:00,672908.8130698197,447262.5164794922,1120171.329549312,12.017132954931187
2023-06-07 00:00:00,561575.241898175,561898.5369873046,1123473.7788854796,12.34737788854796
2023-06-08 00:00:00,450174.82846709783,673547.236328125,1123722.0647952228,12.372206479522285
2023-06-09 00:00:00,338434.5429630103,780428.8486328125,1118863.3915958228,11.886339159582281
2023-06-12 00:00:00,226595.214527965,892870.5069580078,1119465.7214859729,11.94657214859729
2023-06-13 00:00:00,114249.99420039733,1018316.8353271484,1132566.8295275457,13.256682952754574
2023-06-14 00:00:00,523.1995634154446,1144475.536743164,1144998.7363065796,14.499873630657945
2023-06-15 00:00:00,523.1995634154446,1144789.5164794922,1145312.7160429077,14.531271604290774
2023-06-16 00:00:00,523.1995634154446,1155934.3513183594,1156457.5508817749,15.645755088177493
2023-06-19 00:00:00,523.1995634154446,1144453.0063476562,1144976.2059110717,14.497620591107175
2023-06-20 00:00:00,523.1995634154446,1146830.0233154297,1147353.2228788452,14.735322287884522
2023-06-21 00:00:00,523.1995634154446,1150059.2193603516,1150582.418923767,15.0582418923767
2023-06-22 00:00:00,523.1995634154446,1137142.5556640625,1137665.755227478,13.766575522747804
2023-06-23 00:00:00,523.1995634154446,1127836.5384521484,1128359.738015564,12.835973801556388
2023-06-26 00:00:00,523.1995634154446,1119225.7104492188,1119748.9100126342,11.974891001263433
2023-06-27 00:00:00,523.1995634154446,1119629.209350586,1120152.4089140014,12.015240891400136
2023-06-28 00:00:00,523.1995634154446,1134451.7999267578,1134974.9994901733,13.497499949017321
2023-06-30 00:00:00,523.1995634154446,1143757.9376220703,1144281.1371854858,14.428113718548573
2023-07-03 00:00:00,523.1995634154446,1173111.5489501953,1173634.7485136108,17.363474851361072
2023-07-04 00:00:00,523.1995634154446,1161024.7749023438,1161547.9744657592,16.15479744657593
2023-07-05 00:00:00,523.1995634154446,1159118.607055664,1159641.8066190796,15.964180661907946
2023-07-06 00:00:00,523.1995634154446,1183449.1450195312,1183972.3445829467,18.397234458294665
2023-07-07 00:00:00,523.1995634154446,1181139.4782714844,1181662.6778348999,18.166267783489975
2023-07-10 00:00:00,523.1995634154446,1226638.4674072266,1227161.666970642,22.7161666970642
2023-07-11 00:00:00,523.1995634154446,1239936.2200927734,1240459.419656189,24.045941965618887
2023-07-12 00:00:00,523.1995634154446,1241304.0681152344,1241827.2676786499,24.18272676786499
2023-07-13 00:00:00,523.1995634154446,1230204.053100586,1230727.2526640014,23.07272526640014
2023-07-14 00:00:00,523.1995634154446,1229172.474243164,1229695.6738065796,22.969567380657963
2023-07-17 00:00:00,523.1995634154446,1254287.9615478516,1254811.161111267,25.48111611112671
2023-07-18 00:00:00,523.1995634154446,1264939.5373535156,1265462.736916931,26.546273691693113
2023-07-19 00:00:00,523.1995634154446,1274537.00390625,1275060.2034696655,27.506020346966544
2023-07-20 00:00:00,523.1995634154446,1272993.732055664,1273516.9316190796,27.351693161907953
2023-07-21 00:00:00,523.1995634154446,1233586.8654785156,1234110.065041931,23.41100650419312
2023-07-24 00:00:00,523.1995634154446,1208635.7175292969,1209158.9170927124,20.91589170927124
2023-07-25 00:00:00,523.1995634154446,1207858.3586425781,1208381.5582059936,20.838155820599358
2023-07-26 00:00:00,523.1995634154446,1227488.71875,1228011.9183134155,22.801191831341548
2023-07-27 00:00:00,523.1995634154446,1216070.0251464844,1216593.2247098999,21.659322470989984
2023-07-28 00:00:00,523.1995634154446,1228290.4152832031,1228813.6148466186,22.881361484661866
2023-07-31 00:00:00,523.1995634154446,1238688.85546875,1239212.0550321655,23.921205503216548
2023-08-01 00:00:00,523.1995634154446,1221172.0151367188,1221695.2147001342,22.169521470013432
2023-08-02 00:00:00,1207682.5915169402,0.0,1207682.5915169402,20.768259151694025
2023-08-03 00:00:00,1207682.5915169402,0.0,1207682.5915169402,20.768259151694025
2023-08-04 00:00:00,1207682.5915169402,0.0,1207682.5915169402,20.768259151694025
2023-08-07 00:00:00,1207682.5915169402,0.0,1207682.5915169402,20.768259151694025
2023-08-08 00:00:00,1207682.5915169402,0.0,1207682.5915169402,20.768259151694025
2023-08-09 00:00:00,1207682.5915169402,0.0,1207682.5915169402,20.768259151694025
2023-08-10 00:00:00,1207682.5915169402,0.0,1207682.5915169402,20.768259151694025
2023-08-11 00:00:00,1207682.5915169402,0.0,1207682.5915169402,20.768259151694025
2023-08-14 00:00:00,1207682.5915169402,0.0,1207682.5915169402,20.768259151694025
2023-08-16 00:00:00,1207682.5915169402,0.0,1207682.5915169402,20.768259151694025
2023-08-17 00:00:00,1087637.9192558858,119948.6953125,1207586.6145683858,20.758661456838578
2023-08-18 00:00:00,966704.0321521809,241674.39843750012,1208378.430589681,20.837843058968097
2023-08-21 00:00:00,847089.7117743779,358556.0625,1205645.7742743779,20.56457742743778
2023-08-22 00:00:00,727503.8672883427,477960.9375,1205464.8047883427,20.546480478834273
2023-08-23 00:00:00,607785.119669888,598115.1562500001,1205900.2759198882,20.590027591988825
2023-08-24 00:00:00,488852.8241922561,706897.6180419923,1195750.4422342484,19.575044223424843
2023-08-25 00:00:00,370469.67137310153,821922.1843261718,1192391.8556992733,19.23918556992732
2023-08-28 00:00:00,252058.06404157676,932047.7001953125,1184105.7642368893,18.41057642368893
2023-08-29 00:00:00,1174442.6621514268,0.0,1174442.6621514268,17.44426621514268
2023-08-30 00:00:00,1174442.6621514268,0.0,1174442.6621514268,17.44426621514268
2023-08-31 00:00:00,1174442.6621514268,0.0,1174442.6621514268,17.44426621514268
2023-09-01 00:00:00,1174442.6621514268,0.0,1174442.6621514268,17.44426621514268
2023-09-04 00:00:00,1174442.6621514268,0.0,1174442.6621514268,17.44426621514268
2023-09-05 00:00:00,1174442.6621514268,0.0,1174442.6621514268,17.44426621514268
2023-09-06 00:00:00,1174442.6621514268,0.0,1174442.6621514268,17.44426621514268
2023-09-07 00:00:00,1174442.6621514268,0.0,1174442.6621514268,17.44426621514268
2023-09-08 00:00:00,1174442.6621514268,0.0,1174442.6621514268,17.44426621514268
2023-09-11 00:00:00,1174442.6621514268,0.0,1174442.6621514268,17.44426621514268
2023-09-12 00:00:00,1174442.6621514268,0.0,1174442.6621514268,17.44426621514268
2023-09-13 00:00:00,1174442.6621514268,0.0,1174442.6621514268,17.44426621514268
2023-09-14 00:00:00,1174442.6621514268,0.0,1174442.6621514268,17.44426621514268
2023-09-15 00:00:00,1174442.6621514268,0.0,1174442.6621514268,17.44426621514268
2023-09-18 00:00:00,1174442.6621514268,0.0,1174442.6621514268,17.44426621514268
2023-09-20 00:00:00,1174442.6621514268,0.0,1174442.6621514268,17.44426621514268
2023-09-21 00:00:00,1057518.0762283239,116831.103515625,1174349.1797439489,17.434917974394892
2023-09-22 00:00:00,1173769.4883186664,0.0,1173769.4883186664,17.376948831866645
2023-09-25 00:00:00,1173769.4883186664,0.0,1173769.4883186664,17.376948831866645
2023-09-26 00:00:00,1173769.4883186664,0.0,1173769.4883186664,17.376948831866645
2023-09-27 00:00:00,1173769.4883186664,0.0,1173769.4883186664,17.376948831866645
2023-09-28 00:00:00,1173769.4883186664,0.0,1173769.4883186664,17.376948831866645
2023-09-29 00:00:00,1173769.4883186664,0.0,1173769.4883186664,17.376948831866645
2023-10-03 00:00:00,1173769.4883186664,0.0,1173769.4883186664,17.376948831866645
2023-10-04 00:00:00,1173769.4883186664,0.0,1173769.4883186664,17.376948831866645
2023-10-05 00:00:00,1173769.4883186664,0.0,1173769.4883186664,17.376948831866645
2023-10-06 00:00:00,1173769.4883186664,0.0,1173769.4883186664,17.376948831866645
2023-10-09 00:00:00,1173769.4883186664,0.0,1173769.4883186664,17.376948831866645
2023-10-10 00:00:00,1173769.4883186664,0.0,1173769.4883186664,17.376948831866645
2023-10-11 00:00:00,1173769.4883186664,0.0,1173769.4883186664,17.376948831866645
2023-10-12 00:00:00,1173769.4883186664,0.0,1173769.4883186664,17.376948831866645
2023-10-13 00:00:00,1173769.4883186664,0.0,1173769.4883186664,17.376948831866645
2023-10-16 00:00:00,1173769.4883186664,0.0,1173769.4883186664,17.376948831866645
2023-10-17 00:00:00,1173769.4883186664,0.0,1173769.4883186664,17.376948831866645
2023-10-18 00:00:00,1173769.4883186664,0.0,1173769.4883186664,17.376948831866645
2023-10-19 00:00:00,1173769.4883186664,0.0,1173769.4883186664,17.376948831866645
2023-10-20 00:00:00,1173769.4883186664,0.0,1173769.4883186664,17.376948831866645
2023-10-23 00:00:00,1173769.4883186664,0.0,1173769.4883186664,17.376948831866645
2023-10-25 00:00:00,1173769.4883186664,0.0,1173769.4883186664,17.376948831866645
2023-10-26 00:00:00,1173769.4883186664,0.0,1173769.4883186664,17.376948831866645
2023-10-27 00:00:00,1173769.4883186664,0.0,1173769.4883186664,17.376948831866645
2023-10-30 00:00:00,1173769.4883186664,0.0,1173769.4883186664,17.376948831866645
2023-10-31 00:00:00,1173769.4883186664,0.0,1173769.4883186664,17.376948831866645
2023-11-01 00:00:00,1173769.4883186664,0.0,1173769.4883186664,17.376948831866645
2023-11-02 00:00:00,1173769.4883186664,0.0,1173769.4883186664,17.376948831866645
2023-11-03 00:00:00,1173769.4883186664,0.0,1173769.4883186664,17.376948831866645
2023-11-06 00:00:00,1173769.4883186664,0.0,1173769.4883186664,17.376948831866645
2023-11-07 00:00:00,1173769.4883186664,0.0,1173769.4883186664,17.376948831866645
2023-11-08 00:00:00,1173769.4883186664,0.0,1173769.4883186664,17.376948831866645
2023-11-09 00:00:00,1057242.3774074807,116433.9462890625,1173676.3236965432,17.36763236965433
2023-11-10 00:00:00,940495.8882202506,233306.29833984375,1173802.1865600944,17.380218656009426
2023-11-13 00:00:00,823764.5268505221,349914.10034179676,1173678.627192319,17.367862719231898
2023-11-15 00:00:00,706087.6904475819,473823.5672607422,1179911.2577083241,17.99112577083242
2023-11-16 00:00:00,588198.6114785534,592472.9833984375,1180671.594876991,18.06715948769908
2023-11-17 00:00:00,470566.7012533428,708718.3974609376,1179285.0987142804,17.928509871428044
2023-11-20 00:00:00,353244.41271936253,824081.4514160155,1177325.864135378,17.73258641353781
2023-11-21 00:00:00,234446.45780268585,953149.6287841797,1187596.0865868656,18.759608658686556
2023-11-22 00:00:00,116364.89217492464,1074863.0112304688,1191227.9034053935,19.122790340539343
2023-11-23 00:00:00,291.2314483036607,1194129.452758789,1194420.6842070927,19.44206842070928
2023-11-24 00:00:00,291.2314483036607,1193331.8106689453,1193623.042117249,19.36230421172489
2023-11-28 00:00:00,291.2314483036607,1193581.1046142578,1193872.3360625615,19.38723360625614
2023-11-29 00:00:00,291.2314483036607,1196721.5432128906,1197012.7746611943,19.70127746611943
2023-11-30 00:00:00,291.2314483036607,1185131.8381347656,1185423.0695830693,18.54230695830692
2023-12-01 00:00:00,291.2314483036607,1193531.2211914062,1193822.45263971,19.382245263970987
2023-12-04 00:00:00,291.2314483036607,1206442.1595458984,1206733.390994202,20.673339099420218
2023-12-05 00:00:00,291.2314483036607,1215190.6033935547,1215481.8348418584,21.548183484185834
2023-12-06 00:00:00,291.2314483036607,1226830.4382324219,1227121.6696807256,22.712166968072545
2023-12-07 00:00:00,291.2314483036607,1224811.4528808594,1225102.684329163,22.510268432916302
2023-12-08 00:00:00,291.2314483036607,1224163.337890625,1224454.5693389287,22.44545693389286
2023-12-11 00:00:00,291.2314483036607,1225958.0325927734,1226249.264041077,22.624926404107715
2023-12-12 00:00:00,291.2314483036607,1208361.2548828125,1208652.4863311162,20.865248633111612
2023-12-13 00:00:00,291.2314483036607,1213296.1418457031,1213587.3732940068,21.35873732940068
2023-12-14 00:00:00,291.2314483036607,1228350.5893554688,1228641.8208037724,22.864182080377237
2023-12-15 00:00:00,291.2314483036607,1244028.1485595703,1244319.380007874,24.4319380007874
2023-12-18 00:00:00,291.2314483036607,1256689.6697998047,1256980.9012481084,25.698090124810836
2023-12-19 00:00:00,291.2314483036607,1275183.7332763672,1275474.9647246709,27.54749647246708
2023-12-20 00:00:00,291.2314483036607,1259755.4680175781,1260046.6994658818,26.004669946588187
2023-12-21 00:00:00,291.2314483036607,1277402.0059814453,1277693.237429749,27.769323742974894
2023-12-22 00:00:00,291.2314483036607,1278648.1062011719,1278939.3376494756,27.893933764947555
2023-12-26 00:00:00,291.2314483036607,1285128.5170898438,1285419.7485381474,28.541974853814732
2023-12-27 00:00:00,291.2314483036607,1289515.3022460938,1289806.5336943974,28.980653369439736
2023-12-28 00:00:00,291.2314483036607,1298837.0975341797,1299128.3289824834,29.912832898248332
2023-12-29 00:00:00,291.2314483036607,1288568.1330566406,1288859.3645049443,28.88593645049442
2024-01-01 00:00:00,291.2314483036607,1291210.1069335938,1291501.3383818974,29.15013383818974
2024-01-02 00:00:00,291.2314483036607,1301902.6494140625,1302193.8808623662,30.21938808623661
2024-01-03 00:00:00,291.2314483036607,1287745.6108398438,1288036.8422881474,28.803684228814742
2024-01-04 00:00:00,291.2314483036607,1294400.4289550781,1294691.6604033818,29.46916604033818
2024-01-05 00:00:00,291.2314483036607,1299908.6673583984,1300199.898806702,30.019989880670206
2024-01-08 00:00:00,291.2314483036607,1289764.5961914062,1290055.82763971,29.005582763970985
2024-01-09 00:00:00,291.2314483036607,1286349.8603515625,1286641.0917998662,28.664109179986607
2024-01-10 00:00:00,291.2314483036607,1321044.8278808594,1321336.059329163,32.133605932916296
2024-01-11 00:00:00,291.2314483036607,1355789.3093261719,1356080.5407744756,35.60805407744756
2024-01-12 00:00:00,291.2314483036607,1366581.6186523438,1366872.8501006474,36.687285010064755
2024-01-15 00:00:00,291.2314483036607,1389910.6790771484,1390201.910525452,39.020191052545215
2024-01-16 00:00:00,291.2314483036607,1370469.8159179688,1370761.0473662724,37.07610473662724
2024-01-17 00:00:00,291.2314483036607,1357459.2338867188,1357750.4653350224,35.775046533502255
2024-01-18 00:00:00,291.2314483036607,1363814.874633789,1364106.1060820927,36.41061060820927
2024-01-19 00:00:00,291.2314483036607,1363316.4099121094,1363607.641360413,36.360764136041304
2024-01-23 00:00:00,291.2314483036607,1324558.9610595703,1324850.192507874,32.485019250787396
2024-01-24 00:00:00,291.2314483036607,1339812.6959228516,1340103.9273711552,34.010392737115524
2024-01-25 00:00:00,291.2314483036607,1348984.9641113281,1349276.1955596318,34.927619555963176
2024-01-29 00:00:00,291.2314483036607,1443672.8151855469,1443964.0466338506,44.396404663385056
2024-01-30 00:00:00,291.2314483036607,1403370.0887451172,1403661.3201934209,40.366132019342096
2024-01-31 00:00:00,291.2314483036607,1422312.6103515625,1422603.8417998662,42.26038417998661
2024-02-01 00:00:00,291.2314483036607,1422337.4904785156,1422628.7219268193,42.262872192681925
2024-02-02 00:00:00,291.2314483036607,1453293.6646728516,1453584.8961211552,45.35848961211553
2024-02-05 00:00:00,291.2314483036607,1434675.2005615234,1434966.432009827,43.49664320098272
2024-02-06 00:00:00,291.2314483036607,1423484.0701904297,1423775.3016387334,42.37753016387333
2024-02-07 00:00:00,291.2314483036607,1437790.7590332031,1438081.9904815068,43.808199048150676
2024-02-08 00:00:00,291.2314483036607,1445741.5607910156,1446032.7922393193,44.60327922393192
2024-02-09 00:00:00,291.2314483036607,1456334.5827636719,1456625.8142119756,45.662581421197544
2024-02-12 00:00:00,291.2314483036607,1447959.7103271484,1448250.941775452,44.82509417754521
2024-02-13 00:00:00,291.2314483036607,1460671.361328125,1460962.5927764287,46.09625927764287
2024-02-14 00:00:00,291.2314483036607,1476897.1455078125,1477188.3769561162,47.718837695611626
2024-02-15 00:00:00,291.2314483036607,1466154.5964355469,1466445.8278838506,46.64458278838506
2024-02-16 00:00:00,291.2314483036607,1456159.9291992188,1456451.1606475224,45.64511606475223
2024-02-19 00:00:00,291.2314483036607,1469544.3289794922,1469835.5604277959,46.9835560427796
2024-02-20 00:00:00,291.2314483036607,1466578.2976074219,1466869.5290557256,46.68695290557257
2024-02-21 00:00:00,291.2314483036607,1463263.4517822266,1463554.6832305302,46.35546832305302
2024-02-22 00:00:00,291.2314483036607,1477270.963256836,1477562.1947051396,47.75621947051396
2024-02-23 00:00:00,291.2314483036607,1489110.0854492188,1489401.3168975224,48.94013168975224
2024-02-26 00:00:00,291.2314483036607,1482829.0850830078,1483120.3165313115,48.312031653131136
2024-02-27 00:00:00,291.2314483036607,1481159.2836914062,1481450.51513971,48.14505151397099
2024-02-28 00:00:00,291.2314483036607,1451224.9190673828,1451516.1505156865,45.15161505156864
2024-02-29 00:00:00,291.2314483036607,1456384.3430175781,1456675.5744658818,45.66755744658817
2024-03-01 00:00:00,291.2314483036607,1487614.5681152344,1487905.799563538,48.79057995635381
2024-03-04 00:00:00,291.2314483036607,1502843.4228515625,1503134.6542998662,50.31346542998663
2024-03-05 00:00:00,291.2314483036607,1495665.13671875,1495956.3681670537,49.59563681670536
2024-03-06 00:00:00,291.2314483036607,1498456.7608642578,1498747.9923125615,49.87479923125615
2024-03-07 00:00:00,291.2314483036607,1474454.458984375,1474745.6904326787,47.47456904326788
2024-03-11 00:00:00,291.2314483036607,1462166.6323242188,1462457.8637725224,46.24578637725225
2024-03-12 00:00:00,291.2314483036607,1470965.0827636719,1471256.3142119756,47.125631421197546
2024-03-13 00:00:00,1426995.0209943224,0.0,1426995.0209943224,42.69950209943223
2024-03-14 00:00:00,1285440.0372487542,141441.80908203125,1426881.8463307854,42.68818463307855
2024-03-15 00:00:00,1425460.5571651293,0.0,1425460.5571651293,42.54605571651293
2024-03-18 00:00:00,1425460.5571651293,0.0,1425460.5571651293,42.54605571651293
2024-03-19 00:00:00,1425460.5571651293,0.0,1425460.5571651293,42.54605571651293
2024-03-20 00:00:00,1425460.5571651293,0.0,1425460.5571651293,42.54605571651293
2024-03-21 00:00:00,1425460.5571651293,0.0,1425460.5571651293,42.54605571651293
2024-03-22 00:00:00,1425460.5571651293,0.0,1425460.5571651293,42.54605571651293
2024-03-26 00:00:00,1425460.5571651293,0.0,1425460.5571651293,42.54605571651293
2024-03-27 00:00:00,1425460.5571651293,0.0,1425460.5571651293,42.54605571651293
2024-03-28 00:00:00,1425460.5571651293,0.0,1425460.5571651293,42.54605571651293
2024-04-01 00:00:00,1425460.5571651293,0.0,1425460.5571651293,42.54605571651293
2024-04-02 00:00:00,1425460.5571651293,0.0,1425460.5571651293,42.54605571651293
2024-04-03 00:00:00,1425460.5571651293,0.0,1425460.5571651293,42.54605571651293
2024-04-04 00:00:00,1283688.8432568042,141658.36596679688,1425347.209223601,42.5347209223601
2024-04-05 00:00:00,1142190.90365377,282769.62109375,1424960.52474752,42.49605247475199
2024-04-08 00:00:00,999654.8711453418,430202.7580566406,1429857.6292019824,42.98576292019825
2024-04-09 00:00:00,857812.9028257056,565468.0469970704,1423280.949822776,42.328094982277605
2024-04-10 00:00:00,715890.7748365356,713429.1337890625,1429319.908625598,42.93199086255981
2024-04-12 00:00:00,573709.6266477037,849505.5012207032,1423215.127868407,42.321512786840685
2024-04-15 00:00:00,431753.80020748684,990001.5776367188,1421755.3778442056,42.175537784420555
2024-04-16 00:00:00,289708.32396633324,1132558.7058105469,1422267.02977688,42.226702977688
2024-04-18 00:00:00,147800.9500827925,1273251.50390625,1421052.4539890424,42.10524539890423
2024-04-19 00:00:00,5331.493018912966,1420650.2973632812,1425981.7903821943,42.59817903821943
2024-04-22 00:00:00,941.3330164818699,1434434.5579833984,1435375.8909998804,43.53758909998804
2024-04-23 00:00:00,941.3330164818699,1414539.4899902344,1415480.8230067163,41.54808230067164
2024-04-24 00:00:00,1405487.2613261999,0.0,1405487.2613261999,40.54872613262
2024-04-25 00:00:00,1405487.2613261999,0.0,1405487.2613261999,40.54872613262
2024-04-26 00:00:00,1405487.2613261999,0.0,1405487.2613261999,40.54872613262
2024-04-29 00:00:00,1405487.2613261999,0.0,1405487.2613261999,40.54872613262
2024-04-30 00:00:00,1405487.2613261999,0.0,1405487.2613261999,40.54872613262
2024-05-02 00:00:00,1405487.2613261999,0.0,1405487.2613261999,40.54872613262
2024-05-03 00:00:00,1405487.2613261999,0.0,1405487.2613261999,40.54872613262
2024-05-06 00:00:00,1405487.2613261999,0.0,1405487.2613261999,40.54872613262
2024-05-07 00:00:00,1405487.2613261999,0.0,1405487.2613261999,40.54872613262
2024-05-08 00:00:00,1405487.2613261999,0.0,1405487.2613261999,40.54872613262
2024-05-09 00:00:00,1405487.2613261999,0.0,1405487.2613261999,40.54872613262
2024-05-10 00:00:00,1405487.2613261999,0.0,1405487.2613261999,40.54872613262
2024-05-13 00:00:00,1405487.2613261999,0.0,1405487.2613261999,40.54872613262
2024-05-14 00:00:00,1405487.2613261999,0.0,1405487.2613261999,40.54872613262
2024-05-15 00:00:00,1405487.2613261999,0.0,1405487.2613261999,40.54872613262
2024-05-16 00:00:00,1405487.2613261999,0.0,1405487.2613261999,40.54872613262
2024-05-17 00:00:00,1405487.2613261999,0.0,1405487.2613261999,40.54872613262
2024-05-21 00:00:00,1405487.2613261999,0.0,1405487.2613261999,40.54872613262
2024-05-22 00:00:00,1405487.2613261999,0.0,1405487.2613261999,40.54872613262
2024-05-23 00:00:00,1405487.2613261999,0.0,1405487.2613261999,40.54872613262
2024-05-24 00:00:00,1405487.2613261999,0.0,1405487.2613261999,40.54872613262
2024-05-27 00:00:00,1264843.2705773276,140531.54443359375,1405374.8150109213,40.53748150109213
2024-05-28 00:00:00,1125163.289455656,279136.6110839844,1404299.9005396403,40.42999005396404
2024-05-29 00:00:00,985538.1303630018,415693.3671875001,1401231.497550502,40.1231497550502
2024-05-30 00:00:00,846047.2710271954,550477.9794921874,1396525.2505193828,39.652525051938284
2024-05-31 00:00:00,707427.5473823063,691131.1226806641,1398558.6700629704,39.85586700629704
2024-06-03 00:00:00,564049.3681802743,873012.2387695312,1437061.6069498055,43.70616069498055
2024-06-04 00:00:00,427258.0546102087,944348.0009765624,1371606.055586771,37.160605558677105
2024-06-05 00:00:00,289573.51200177375,1097788.0571289062,1387361.56913068,38.736156913068
2024-06-06 00:00:00,150837.49982636943,1244796.73828125,1395634.2381076193,39.56342381076195
2024-06-07 00:00:00,8385.007742181013,1420481.1291503906,1428866.1368925716,42.886613689257146
2024-06-10 00:00:00,1109.8540238507521,1429151.6853027344,1430261.5393265851,43.02615393265852
2024-06-11 00:00:00,1414827.653962599,0.0,1414827.653962599,41.4827653962599
2024-06-12 00:00:00,1414827.653962599,0.0,1414827.653962599,41.4827653962599
2024-06-13 00:00:00,1274279.5794993918,140435.70483398438,1414715.2843333762,41.47152843333761
2024-06-14 00:00:00,1134012.8019574468,281769.2097167969,1415782.0116742437,41.57820116742437
2024-06-18 00:00:00,1416218.7921181293,0.0,1416218.7921181293,41.62187921181293
2024-06-19 00:00:00,1274861.37331018,141244.40209960938,1416105.7754097893,41.61057754097892
2024-06-20 00:00:00,1133502.7860876024,283947.2790527344,1417450.0651403368,41.745006514033676
2024-06-21 00:00:00,992576.62735972,421003.5881347656,1413580.2154944856,41.358021549448566
2024-06-24 00:00:00,852883.6442656894,556900.8895263672,1409784.5337920566,40.97845337920567
2024-06-25 00:00:00,711962.3224127507,702606.4460449219,1414568.7684576726,41.45687684576727
2024-06-26 00:00:00,568232.897542449,875150.9307861328,1443383.8283285818,44.33838283285818
2024-06-27 00:00:00,422934.7184370222,1029884.8956298827,1452819.6140669049,45.2819614066905
2024-06-28 00:00:00,275876.14872692764,1200275.916015625,1476152.0647425526,47.61520647425526
2024-07-01 00:00:00,129310.7742347962,1342698.704711914,1472009.4789467102,47.20094789467102
2024-07-02 00:00:00,846.478552628454,1475384.9897460938,1476231.4682987223,47.62314682987223
2024-07-03 00:00:00,846.478552628454,1463366.3598632812,1464212.8384159098,46.42128384159099
2024-07-04 00:00:00,846.478552628454,1464874.5695800781,1465721.0481327067,46.57210481327068
2024-07-05 00:00:00,846.478552628454,1497489.6774902344,1498336.156042863,49.833615604286294
2024-07-08 00:00:00,846.478552628454,1509060.5375976562,1509907.0161502848,50.99070161502848
2024-07-09 00:00:00,846.478552628454,1499044.9350585938,1499891.4136112223,49.98914136112222
2024-07-10 00:00:00,846.478552628454,1493342.0134277344,1494188.491980363,49.4188491980363
2024-07-11 00:00:00,846.478552628454,1489972.1528320312,1490818.6313846598,49.081863138465984
2024-07-12 00:00:00,846.478552628454,1505124.9382324219,1505971.4167850504,50.59714167850504
2024-07-15 00:00:00,846.478552628454,1505596.2319335938,1506442.7104862223,50.64427104862224
2024-07-16 00:00:00,846.478552628454,1485824.6052246094,1486671.083777238,48.66710837772379
2024-07-18 00:00:00,846.478552628454,1495651.5505371094,1496498.029089738,49.64980290897378
2024-07-19 00:00:00,846.478552628454,1465935.1259765625,1466781.604529191,46.6781604529191
2024-07-22 00:00:00,846.478552628454,1414585.0744628906,1415431.5530155192,41.54315530155193
2024-07-23 00:00:00,846.478552628454,1402543.037109375,1403389.5156620035,40.33895156620035
2024-07-24 00:00:00,1409614.318522898,0.0,1409614.318522898,40.9614318522898
2024-07-25 00:00:00,1409614.318522898,0.0,1409614.318522898,40.9614318522898
2024-07-26 00:00:00,1409614.318522898,0.0,1409614.318522898,40.9614318522898
2024-07-29 00:00:00,1409614.318522898,0.0,1409614.318522898,40.9614318522898
2024-07-30 00:00:00,1409614.318522898,0.0,1409614.318522898,40.9614318522898
2024-07-31 00:00:00,1409614.318522898,0.0,1409614.318522898,40.9614318522898
2024-08-01 00:00:00,1409614.318522898,0.0,1409614.318522898,40.9614318522898
2024-08-02 00:00:00,1409614.318522898,0.0,1409614.318522898,40.9614318522898
2024-08-05 00:00:00,1409614.318522898,0.0,1409614.318522898,40.9614318522898
2024-08-06 00:00:00,1409614.318522898,0.0,1409614.318522898,40.9614318522898
2024-08-07 00:00:00,1409614.318522898,0.0,1409614.318522898,40.9614318522898
2024-08-08 00:00:00,1409614.318522898,0.0,1409614.318522898,40.9614318522898
2024-08-09 00:00:00,1409614.318522898,0.0,1409614.318522898,40.9614318522898
2024-08-12 00:00:00,1409614.318522898,0.0,1409614.318522898,40.9614318522898
2024-08-13 00:00:00,1409614.318522898,0.0,1409614.318522898,40.9614318522898
2024-08-14 00:00:00,1409614.318522898,0.0,1409614.318522898,40.9614318522898
2024-08-16 00:00:00,1409614.318522898,0.0,1409614.318522898,40.9614318522898
2024-08-19 00:00:00,1409614.318522898,0.0,1409614.318522898,40.9614318522898
2024-08-20 00:00:00,1409614.318522898,0.0,1409614.318522898,40.9614318522898
2024-08-21 00:00:00,1409614.318522898,0.0,1409614.318522898,40.9614318522898
2024-08-22 00:00:00,1409614.318522898,0.0,1409614.318522898,40.9614318522898
2024-08-23 00:00:00,1409614.318522898,0.0,1409614.318522898,40.9614318522898
2024-08-26 00:00:00,1270035.3622634383,139467.3614501953,1409502.7237136336,40.95027237136335
2024-08-27 00:00:00,1130088.777486476,278181.7889404297,1408270.5664269058,40.82705664269057
2024-08-28 00:00:00,990342.7226641787,417417.5076904298,1407760.2303546085,40.77602303546084
2024-08-29 00:00:00,849995.5502793249,563955.6591796875,1413951.2094590124,41.39512094590123
2024-08-30 00:00:00,709193.2163807435,700455.4057617188,1409648.6221424623,40.964862214246224
2024-09-02 00:00:00,569277.4448134777,843333.2482910157,1412610.6931044934,41.26106931044935
2024-09-03 00:00:00,428521.7465892689,980013.5266113282,1408535.2732005971,40.85352732005971
2024-09-04 00:00:00,287260.0610593399,1124685.2156982422,1411945.276757582,41.194527675758216
2024-09-05 00:00:00,148010.66870464638,1247801.9729003906,1395812.641605037,39.58126416050369
2024-09-06 00:00:00,11386.826920619002,1360789.2469482422,1372176.0738688612,37.21760738688611
2024-09-09 00:00:00,1229.207386377835,1368732.357421875,1369961.5648082527,36.996156480825285
2024-09-10 00:00:00,1229.207386377835,1367866.716796875,1369095.9241832527,36.909592418325275
2024-09-11 00:00:00,1358626.727391806,0.0,1358626.727391806,35.8626727391806
2024-09-12 00:00:00,1358626.727391806,0.0,1358626.727391806,35.8626727391806
2024-09-13 00:00:00,1358626.727391806,0.0,1358626.727391806,35.8626727391806
2024-09-16 00:00:00,1358626.727391806,0.0,1358626.727391806,35.8626727391806
2024-09-17 00:00:00,1358626.727391806,0.0,1358626.727391806,35.8626727391806
2024-09-18 00:00:00,1358626.727391806,0.0,1358626.727391806,35.8626727391806
2024-09-19 00:00:00,1358626.727391806,0.0,1358626.727391806,35.8626727391806
2024-09-20 00:00:00,1358626.727391806,0.0,1358626.727391806,35.8626727391806
2024-09-23 00:00:00,1358626.727391806,0.0,1358626.727391806,35.8626727391806
2024-09-24 00:00:00,1358626.727391806,0.0,1358626.727391806,35.8626727391806
2024-09-25 00:00:00,1358626.727391806,0.0,1358626.727391806,35.8626727391806
2024-09-26 00:00:00,1358626.727391806,0.0,1358626.727391806,35.8626727391806
2024-09-27 00:00:00,1223852.369904706,134666.60400390625,1358518.9739086123,35.85189739086123
2024-09-30 00:00:00,1089062.8147200157,264971.78161621094,1354034.5963362267,35.40345963362266
2024-10-01 00:00:00,953892.4180613504,397925.5642089845,1351817.9822703348,35.18179822703349
2024-10-03 00:00:00,821268.17927444,514728.6042480469,1335996.783522487,33.59967835224869
2024-10-04 00:00:00,689195.8438981788,639213.9074707031,1328409.751368882,32.8409751368882
2024-10-07 00:00:00,1320620.2294147047,0.0,1320620.2294147047,32.06202294147047
2024-10-08 00:00:00,1320620.2294147047,0.0,1320620.2294147047,32.06202294147047
2024-10-09 00:00:00,1320620.2294147047,0.0,1320620.2294147047,32.06202294147047
2024-10-10 00:00:00,1320620.2294147047,0.0,1320620.2294147047,32.06202294147047
2024-10-11 00:00:00,1320620.2294147047,0.0,1320620.2294147047,32.06202294147047
2024-10-14 00:00:00,1320620.2294147047,0.0,1320620.2294147047,32.06202294147047
2024-10-15 00:00:00,1320620.2294147047,0.0,1320620.2294147047,32.06202294147047
2024-10-16 00:00:00,1320620.2294147047,0.0,1320620.2294147047,32.06202294147047
2024-10-17 00:00:00,1320620.2294147047,0.0,1320620.2294147047,32.06202294147047
2024-10-18 00:00:00,1320620.2294147047,0.0,1320620.2294147047,32.06202294147047
2024-10-21 00:00:00,1320620.2294147047,0.0,1320620.2294147047,32.06202294147047
2024-10-22 00:00:00,1320620.2294147047,0.0,1320620.2294147047,32.06202294147047
2024-10-23 00:00:00,1320620.2294147047,0.0,1320620.2294147047,32.06202294147047
2024-10-24 00:00:00,1320620.2294147047,0.0,1320620.2294147047,32.06202294147047
2024-10-25 00:00:00,1320620.2294147047,0.0,1320620.2294147047,32.06202294147047
2024-10-28 00:00:00,1320620.2294147047,0.0,1320620.2294147047,32.06202294147047
2024-10-29 00:00:00,1320620.2294147047,0.0,1320620.2294147047,32.06202294147047
2024-10-30 00:00:00,1320620.2294147047,0.0,1320620.2294147047,32.06202294147047
2024-10-31 00:00:00,1320620.2294147047,0.0,1320620.2294147047,32.06202294147047
2024-11-01 00:00:00,1320620.2294147047,0.0,1320620.2294147047,32.06202294147047
2024-11-04 00:00:00,1320620.2294147047,0.0,1320620.2294147047,32.06202294147047
2024-11-05 00:00:00,1320620.2294147047,0.0,1320620.2294147047,32.06202294147047
2024-11-06 00:00:00,1320620.2294147047,0.0,1320620.2294147047,32.06202294147047
2024-11-07 00:00:00,1320620.2294147047,0.0,1320620.2294147047,32.06202294147047
2024-11-08 00:00:00,1320620.2294147047,0.0,1320620.2294147047,32.06202294147047
2024-11-11 00:00:00,1320620.2294147047,0.0,1320620.2294147047,32.06202294147047
2024-11-12 00:00:00,1320620.2294147047,0.0,1320620.2294147047,32.06202294147047
2024-11-13 00:00:00,1320620.2294147047,0.0,1320620.2294147047,32.06202294147047
2024-11-14 00:00:00,1320620.2294147047,0.0,1320620.2294147047,32.06202294147047
2024-11-18 00:00:00,1320620.2294147047,0.0,1320620.2294147047,32.06202294147047
2024-11-19 00:00:00,1320620.2294147047,0.0,1320620.2294147047,32.06202294147047
2024-11-21 00:00:00,1320620.2294147047,0.0,1320620.2294147047,32.06202294147047
2024-11-22 00:00:00,1320620.2294147047,0.0,1320620.2294147047,32.06202294147047
2024-11-25 00:00:00,1320620.2294147047,0.0,1320620.2294147047,32.06202294147047
2024-11-26 00:00:00,1320620.2294147047,0.0,1320620.2294147047,32.06202294147047
2024-11-27 00:00:00,1320620.2294147047,0.0,1320620.2294147047,32.06202294147047
2024-11-28 00:00:00,1320620.2294147047,0.0,1320620.2294147047,32.06202294147047
2024-11-29 00:00:00,1320620.2294147047,0.0,1320620.2294147047,32.06202294147047
2024-12-02 00:00:00,1320620.2294147047,0.0,1320620.2294147047,32.06202294147047
2024-12-03 00:00:00,1320620.2294147047,0.0,1320620.2294147047,32.06202294147047
2024-12-04 00:00:00,1189443.3418917938,131072.01025390625,1320515.3521457,32.05153521457
2024-12-05 00:00:00,1058265.404701538,263456.8487548828,1321722.2534564207,32.17222534564208
2024-12-06 00:00:00,926827.9428800019,392696.80810546875,1319524.7509854706,31.952475098547062
2024-12-09 00:00:00,795748.9307285964,518760.60888671875,1314509.5396153152,31.450953961531525
2024-12-10 00:00:00,665712.3672599958,644567.5935058594,1310279.9607658552,31.027996076585506
2024-12-11 00:00:00,535080.5596991526,771758.8927001953,1306839.452399348,30.683945239934786
2024-12-12 00:00:00,406012.40366095083,891485.9697265624,1297498.3733875132,29.749837338751316
2024-12-13 00:00:00,275927.36576760444,1028490.7025146484,1304418.0682822529,30.441806828225282
2024-12-16 00:00:00,146307.3312410231,1154330.6506347656,1300637.9818757887,30.063798187578872
2024-12-17 00:00:00,19037.882819286795,1260565.2115478516,1279603.0943671383,27.960309436713835
2024-12-18 00:00:00,1286635.749098379,0.0,1286635.749098379,28.663574909837884
2024-12-19 00:00:00,1286635.749098379,0.0,1286635.749098379,28.663574909837884
2024-12-20 00:00:00,1286635.749098379,0.0,1286635.749098379,28.663574909837884
2024-12-23 00:00:00,1286635.749098379,0.0,1286635.749098379,28.663574909837884
2024-12-24 00:00:00,1286635.749098379,0.0,1286635.749098379,28.663574909837884
2024-12-26 00:00:00,1286635.749098379,0.0,1286635.749098379,28.663574909837884
2024-12-27 00:00:00,1286635.749098379,0.0,1286635.749098379,28.663574909837884
2024-12-30 00:00:00,1286635.749098379,0.0,1286635.749098379,28.663574909837884
2024-12-31 00:00:00,1286635.749098379,0.0,1286635.749098379,28.663574909837884
2025-01-01 00:00:00,1286635.749098379,0.0,1286635.749098379,28.663574909837884
2025-01-02 00:00:00,1286635.749098379,0.0,1286635.749098379,28.663574909837884
2025-01-03 00:00:00,1286635.749098379,0.0,1286635.749098379,28.663574909837884
2025-01-06 00:00:00,1286635.749098379,0.0,1286635.749098379,28.663574909837884
2025-01-07 00:00:00,1286635.749098379,0.0,1286635.749098379,28.663574909837884
2025-01-08 00:00:00,1286635.749098379,0.0,1286635.749098379,28.663574909837884
2025-01-09 00:00:00,1286635.749098379,0.0,1286635.749098379,28.663574909837884
2025-01-10 00:00:00,1158481.5365359287,128051.751953125,1286533.2884890537,28.653328848905367
2025-01-13 00:00:00,1030538.8700598725,255680.75,1286219.6200598725,28.621962005987257
2025-01-14 00:00:00,902709.7142586417,383180.865234375,1285890.5794930167,28.589057949301665
2025-01-15 00:00:00,774735.1101387362,515213.583984375,1289948.6941231112,28.994869412311132
2025-01-16 00:00:00,645304.1523180327,650404.2019042969,1295708.3542223296,29.570835422232953
2025-01-17 00:00:00,514788.6827657395,799252.31640625,1314040.9991719895,31.40409991719895
2025-01-20 00:00:00,383962.5427100471,931876.3476562501,1315838.8903662972,31.58388903662972
2025-01-21 00:00:00,255054.43467581386,1038017.1247558594,1293071.5594316733,29.30715594316733
2025-01-22 00:00:00,125802.21240738755,1169936.947265625,1295739.1596730126,29.573915967301257
2025-01-23 00:00:00,418.89831219286134,1282898.625,1283317.5233121929,28.331752331219295
2025-01-24 00:00:00,418.89831219286134,1265284.375,1265703.2733121929,26.57032733121929
2025-01-27 00:00:00,418.89831219286134,1248076.0,1248494.8983121929,24.849489831219284
2025-01-28 00:00:00,418.89831219286134,1253203.0,1253621.8983121929,25.362189831219297
2025-01-29 00:00:00,418.89831219286134,1254319.75,1254738.6483121929,25.473864831219295
2025-01-30 00:00:00,418.89831219286134,1272137.125,1272556.0233121929,27.255602331219286
2025-01-31 00:00:00,418.89831219286134,1284370.625,1284789.5233121929,28.478952331219286
2025-02-01 00:00:00,1283255.0004916429,0.0,1283255.0004916429,28.325500049164276
2025-02-03 00:00:00,1283255.0004916429,0.0,1283255.0004916429,28.325500049164276
2025-02-04 00:00:00,1283255.0004916429,0.0,1283255.0004916429,28.325500049164276
2025-02-05 00:00:00,1283255.0004916429,0.0,1283255.0004916429,28.325500049164276
2025-02-06 00:00:00,1283255.0004916429,0.0,1283255.0004916429,28.325500049164276
2025-02-07 00:00:00,1283255.0004916429,0.0,1283255.0004916429,28.325500049164276
2025-02-10 00:00:00,1283255.0004916429,0.0,1283255.0004916429,28.325500049164276
2025-02-11 00:00:00,1283255.0004916429,0.0,1283255.0004916429,28.325500049164276
2025-02-12 00:00:00,1283255.0004916429,0.0,1283255.0004916429,28.325500049164276
2025-02-13 00:00:00,1283255.0004916429,0.0,1283255.0004916429,28.325500049164276
2025-02-14 00:00:00,1283255.0004916429,0.0,1283255.0004916429,28.325500049164276
2025-02-17 00:00:00,1283255.0004916429,0.0,1283255.0004916429,28.325500049164276
2025-02-18 00:00:00,1283255.0004916429,0.0,1283255.0004916429,28.325500049164276
2025-02-19 00:00:00,1283255.0004916429,0.0,1283255.0004916429,28.325500049164276
2025-02-20 00:00:00,1283255.0004916429,0.0,1283255.0004916429,28.325500049164276
2025-02-21 00:00:00,1283255.0004916429,0.0,1283255.0004916429,28.325500049164276
2025-02-24 00:00:00,1283255.0004916429,0.0,1283255.0004916429,28.325500049164276
2025-02-25 00:00:00,1283255.0004916429,0.0,1283255.0004916429,28.325500049164276
2025-02-27 00:00:00,1283255.0004916429,0.0,1283255.0004916429,28.325500049164276
2025-02-28 00:00:00,1283255.0004916429,0.0,1283255.0004916429,28.325500049164276
2025-03-03 00:00:00,1283255.0004916429,0.0,1283255.0004916429,28.325500049164276
2025-03-04 00:00:00,1283255.0004916429,0.0,1283255.0004916429,28.325500049164276
2025-03-05 00:00:00,1283255.0004916429,0.0,1283255.0004916429,28.325500049164276
2025-03-06 00:00:00,1283255.0004916429,0.0,1283255.0004916429,28.325500049164276
2025-03-07 00:00:00,1283255.0004916429,0.0,1283255.0004916429,28.325500049164276
2025-03-10 00:00:00,1283255.0004916429,0.0,1283255.0004916429,28.325500049164276
2025-03-11 00:00:00,1283255.0004916429,0.0,1283255.0004916429,28.325500049164276
2025-03-12 00:00:00,1283255.0004916429,0.0,1283255.0004916429,28.325500049164276
2025-03-13 00:00:00,1283255.0004916429,0.0,1283255.0004916429,28.325500049164276
2025-03-17 00:00:00,1155415.527848241,127737.263671875,1283152.791520116,28.3152791520116
2025-03-18 00:00:00,1027576.0552048389,255474.52734375012,1283050.582548589,28.305058254858896
2025-03-19 00:00:00,900117.5426605274,384542.7683105469,1284660.3109710743,28.466031097107436
2025-03-20 00:00:00,771669.9358584001,519671.0637207031,1291340.9995791032,29.13409995791032
2025-03-21 00:00:00,642493.6268224454,651692.2656250001,1294185.8924474455,29.418589244744563
2025-03-24 00:00:00,512003.2053725393,795226.072265625,1307229.2776381643,30.722927763816443
2025-03-25 00:00:00,383181.37004957645,913776.3262939453,1296957.6963435218,29.69576963435219
2025-03-26 00:00:00,254339.04434531985,1033700.969970703,1288040.0143160229,28.804001431602288
2025-03-27 00:00:00,126243.77673711441,1165875.5029296875,1292119.279666802,29.211927966680197
2025-03-28 00:00:00,989.5676937895332,1288201.962524414,1289191.5302182036,28.919153021820353
2025-04-01 00:00:00,989.5676937895332,1265470.7493896484,1266460.317083438,26.646031708343788
2025-04-02 00:00:00,989.5676937895332,1264005.9368896484,1264995.504583438,26.4995504583438
2025-04-03 00:00:00,989.5676937895332,1261530.7072753906,1262520.27496918,26.252027496918018
2025-04-04 00:00:00,989.5676937895332,1217078.5737304688,1218068.1414242582,21.80681414242582
2025-04-07 00:00:00,989.5676937895332,1177677.9038085938,1178667.4715023832,17.866747150238325
2025-04-08 00:00:00,1194381.7538432756,0.0,1194381.7538432756,19.43817538432755
2025-04-09 00:00:00,1194381.7538432756,0.0,1194381.7538432756,19.43817538432755
2025-04-11 00:00:00,1194381.7538432756,0.0,1194381.7538432756,19.43817538432755
2025-04-15 00:00:00,1194381.7538432756,0.0,1194381.7538432756,19.43817538432755
2025-04-16 00:00:00,1194381.7538432756,0.0,1194381.7538432756,19.43817538432755
2025-04-17 00:00:00,1194381.7538432756,0.0,1194381.7538432756,19.43817538432755
2025-04-21 00:00:00,1194381.7538432756,0.0,1194381.7538432756,19.43817538432755
2025-04-22 00:00:00,1194381.7538432756,0.0,1194381.7538432756,19.43817538432755
2025-04-23 00:00:00,1194381.7538432756,0.0,1194381.7538432756,19.43817538432755
2025-04-24 00:00:00,1194381.7538432756,0.0,1194381.7538432756,19.43817538432755
2025-04-25 00:00:00,1075674.3748830454,118612.47119140625,1194286.8460744517,19.428684607445177
2025-04-28 00:00:00,956155.7501555227,244274.4580078125,1200430.2081633352,20.043020816333513
2025-04-29 00:00:00,836716.7073651231,369132.3757324219,1205849.083097545,20.584908309754503
2025-04-30 00:00:00,716825.4040620166,490325.55859375,1207150.9626557666,20.715096265576662
2025-05-02 00:00:00,595671.1838172805,616547.9304199219,1212219.1142372023,21.22191142372023
2025-05-05 00:00:00,474955.82115755853,742160.6856689453,1217116.506826504,21.711650682650397
2025-05-06 00:00:00,353707.736316332,857919.1600341798,1211626.8963505118,21.16268963505119
2025-05-07 00:00:00,233731.09965160774,968803.4454345703,1202534.545086178,20.253454508617796
2025-05-08 00:00:00,113669.12962526556,1089458.485961914,1203127.6155871795,20.312761558717952
2025-05-09 00:00:00,249.54838198509242,1179712.8984375,1179962.4468194852,17.996244681948514
2025-05-12 00:00:00,249.54838198509242,1230509.390625,1230758.9390069852,23.075893900698507
2025-05-13 00:00:00,249.54838198509242,1212692.02734375,1212941.5757257352,21.294157572573514
2025-05-14 00:00:00,249.54838198509242,1220144.44921875,1220393.9976007352,22.03939976007352
2025-05-15 00:00:00,249.54838198509242,1245671.26171875,1245920.8101007352,24.592081010073507
2025-05-16 00:00:00,249.54838198509242,1247555.77734375,1247805.3257257352,24.78053257257351
2025-05-19 00:00:00,249.54838198509242,1234192.78125,1234442.3296319852,23.44423296319851
2025-05-20 00:00:00,249.54838198509242,1220315.8359375,1220565.3843194852,22.056538431948525
2025-05-21 00:00:00,249.54838198509242,1224256.1484375,1224505.6968194852,22.45056968194852
2025-05-22 00:00:00,249.54838198509242,1207295.5078125,1207545.0561944852,20.754505619448516
2025-05-23 00:00:00,249.54838198509242,1222200.45703125,1222450.0054132352,22.245000541323524
2025-05-26 00:00:00,249.54838198509242,1229053.18359375,1229302.7319757352,22.930273197573527
2025-05-27 00:00:00,249.54838198509242,1218174.29296875,1218423.8413507352,21.842384135073512
2025-05-28 00:00:00,249.54838198509242,1210293.5625,1210543.1108819852,21.054311088198506
2025-05-29 00:00:00,249.54838198509242,1214491.0078125,1214740.5561944852,21.474055619448507
2025-05-30 00:00:00,249.54838198509242,1217146.39453125,1217395.9429132352,21.739594291323527
2025-06-02 00:00:00,1210259.7399631792,0.0,1210259.7399631792,21.025973996317916
2025-06-03 00:00:00,1210259.7399631792,0.0,1210259.7399631792,21.025973996317916
2025-06-04 00:00:00,1210259.7399631792,0.0,1210259.7399631792,21.025973996317916
2025-06-05 00:00:00,1210259.7399631792,0.0,1210259.7399631792,21.025973996317916
2025-06-06 00:00:00,1210259.7399631792,0.0,1210259.7399631792,21.025973996317916
2025-06-09 00:00:00,1210259.7399631792,0.0,1210259.7399631792,21.025973996317916
2025-06-10 00:00:00,1210259.7399631792,0.0,1210259.7399631792,21.025973996317916
2025-06-11 00:00:00,1210259.7399631792,0.0,1210259.7399631792,21.025973996317916
2025-06-12 00:00:00,1090106.0811521963,120057.5947265625,1210163.6758787588,21.016367587875884
2025-06-13 00:00:00,969677.4803543019,239248.95947265625,1208926.439826958,20.892643982695812
2025-06-16 00:00:00,849840.5410724295,360648.8748779298,1210489.4159503593,21.04894159503594
2025-06-17 00:00:00,729133.6208314534,479603.76318359363,1208737.384015047,20.873738401504703
2025-06-18 00:00:00,608519.4737381712,599752.86328125,1208272.3370194212,20.827233701942106
2025-06-19 00:00:00,487635.42885199527,721882.3247070311,1209517.7535590264,20.951775355902647
2025-06-20 00:00:00,365431.4310669105,860558.646484375,1225990.0775512855,22.599007755128554
2025-06-23 00:00:00,244010.89413948526,976364.9873046875,1220375.8814441727,22.037588144417274
2025-06-24 00:00:00,123090.4401389656,1093167.5048828125,1216257.945021778,21.625794502177808
2025-06-25 00:00:00,794.750392872389,1227798.0791015625,1228592.8294944349,22.859282949443482
2025-06-26 00:00:00,794.750392872389,1251227.7333984375,1252022.4837913099,25.202248379130985
2025-06-27 00:00:00,794.750392872389,1268046.8442382812,1268841.5946311536,26.884159463115353
2025-06-30 00:00:00,794.750392872389,1255662.5454101562,1256457.2958030286,25.645729580302866
2025-07-01 00:00:00,794.750392872389,1278924.8833007812,1279719.6336936536,27.971963369365362
2025-07-02 00:00:00,794.750392872389,1270891.8413085938,1271686.5917014661,27.168659170146615
2025-07-03 00:00:00,794.750392872389,1270055.15625,1270849.9066428724,27.084990664287247
2025-07-04 00:00:00,794.750392872389,1278004.5400390625,1278799.2904319349,27.879929043193496
2025-07-07 00:00:00,794.750392872389,1289886.5805664062,1290681.3309592786,29.068133095927863
2025-07-08 00:00:00,794.750392872389,1286623.0864257812,1287417.8368186536,28.74178368186535
2025-07-09 00:00:00,794.750392872389,1271059.1577148438,1271853.9081077161,27.185390810771604
2025-07-10 00:00:00,794.750392872389,1269552.8979492188,1270347.6483420911,27.034764834209103
2025-07-11 00:00:00,794.750392872389,1251143.9721679688,1251938.7225608411,25.193872256084116
2025-07-14 00:00:00,794.750392872389,1241521.0122070312,1242315.7625999036,24.231576259990373
2025-07-15 00:00:00,794.750392872389,1242943.6137695312,1243738.3641624036,24.37383641624036
2025-07-16 00:00:00,794.750392872389,1243110.9301757812,1243905.6805686536,24.39056805686537
2025-07-17 00:00:00,794.750392872389,1235412.7270507812,1236207.4774436536,23.620747744365357
2025-07-18 00:00:00,794.750392872389,1235077.9912109375,1235872.7416038099,23.58727416038098
2025-07-21 00:00:00,1195253.4313343945,0.0,1195253.4313343945,19.525343133439456
2025-07-22 00:00:00,1195253.4313343945,0.0,1195253.4313343945,19.525343133439456
2025-07-23 00:00:00,1195253.4313343945,0.0,1195253.4313343945,19.525343133439456
2025-07-24 00:00:00,1195253.4313343945,0.0,1195253.4313343945,19.525343133439456
2025-07-25 00:00:00,1195253.4313343945,0.0,1195253.4313343945,19.525343133439456
2025-07-28 00:00:00,1195253.4313343945,0.0,1195253.4313343945,19.525343133439456
2025-07-29 00:00:00,1195253.4313343945,0.0,1195253.4313343945,19.525343133439456
2025-07-30 00:00:00,1195253.4313343945,0.0,1195253.4313343945,19.525343133439456
2025-07-31 00:00:00,1195253.4313343945,0.0,1195253.4313343945,19.525343133439456
2025-08-01 00:00:00,1195253.4313343945,0.0,1195253.4313343945,19.525343133439456
2025-08-04 00:00:00,1195253.4313343945,0.0,1195253.4313343945,19.525343133439456
2025-08-05 00:00:00,1195253.4313343945,0.0,1195253.4313343945,19.525343133439456
2025-08-06 00:00:00,1195253.4313343945,0.0,1195253.4313343945,19.525343133439456
2025-08-07 00:00:00,1195253.4313343945,0.0,1195253.4313343945,19.525343133439456
2025-08-08 00:00:00,1195253.4313343945,0.0,1195253.4313343945,19.525343133439456
2025-08-11 00:00:00,1195253.4313343945,0.0,1195253.4313343945,19.525343133439456
2025-08-12 00:00:00,1195253.4313343945,0.0,1195253.4313343945,19.525343133439456
2025-08-13 00:00:00,1195253.4313343945,0.0,1195253.4313343945,19.525343133439456
2025-08-14 00:00:00,1195253.4313343945,0.0,1195253.4313343945,19.525343133439456
2025-08-18 00:00:00,1195253.4313343945,0.0,1195253.4313343945,19.525343133439456
2025-08-19 00:00:00,1195253.4313343945,0.0,1195253.4313343945,19.525343133439456
2025-08-20 00:00:00,1195253.4313343945,0.0,1195253.4313343945,19.525343133439456
2025-08-21 00:00:00,1195253.4313343945,0.0,1195253.4313343945,19.525343133439456
2025-08-22 00:00:00,1195253.4313343945,0.0,1195253.4313343945,19.525343133439456
2025-08-25 00:00:00,1075639.4045262644,119518.39416503906,1195157.7986913035,19.515779869130355
2025-08-26 00:00:00,956991.2870575336,235727.98791503906,1192719.2749725727,19.27192749725728
2025-08-28 00:00:00,838257.4895144377,354537.0842285156,1192794.5737429534,19.279457374295326
2025-08-29 00:00:00,720630.4705289251,464728.0849609375,1185358.5554898626,18.535855548986248
2025-09-01 00:00:00,603289.4569410641,580845.3154296874,1184134.7723707515,18.41347723707514
2025-09-02 00:00:00,484856.41694656137,704589.265625,1189445.6825715613,18.944568257156135
2025-09-03 00:00:00,365894.6990195977,826601.1163330079,1192495.8153526057,19.249581535260575
2025-09-04 00:00:00,1183831.6092463352,0.0,1183831.6092463352,18.383160924633522
2025-09-05 00:00:00,1183831.6092463352,0.0,1183831.6092463352,18.383160924633522
2025-09-08 00:00:00,1183831.6092463352,0.0,1183831.6092463352,18.383160924633522
2025-09-09 00:00:00,1183831.6092463352,0.0,1183831.6092463352,18.383160924633522
2025-09-10 00:00:00,1183831.6092463352,0.0,1183831.6092463352,18.383160924633522
2025-09-11 00:00:00,1183831.6092463352,0.0,1183831.6092463352,18.383160924633522
2025-09-12 00:00:00,1183831.6092463352,0.0,1183831.6092463352,18.383160924633522
2025-09-15 00:00:00,1183831.6092463352,0.0,1183831.6092463352,18.383160924633522
2025-09-16 00:00:00,1183831.6092463352,0.0,1183831.6092463352,18.383160924633522
2025-09-17 00:00:00,1183831.6092463352,0.0,1183831.6092463352,18.383160924633522
2025-09-18 00:00:00,1065423.9767724373,118312.96435546875,1183736.941127906,18.373694112790616
2025-09-19 00:00:00,947652.3078360454,235355.01855468762,1183007.326390733,18.300732639073303
2025-09-22 00:00:00,829901.168741207,350202.5876464845,1180103.7563876915,18.010375638769148
2025-09-23 00:00:00,712217.7559133553,467590.4873046876,1179808.243218043,17.980824321804278
2025-09-24 00:00:00,595110.1513505167,582316.6091308595,1177426.7604813762,17.742676048137618
2025-09-25 00:00:00,478900.1119344123,693970.6020507812,1172870.7139851935,17.28707139851935
2025-09-26 00:00:00,362249.75832438393,813157.1134033203,1175406.8717277043,17.54068717277042
2025-09-29 00:00:00,246005.85577478615,926474.7509765625,1172480.6067513486,17.24806067513487
2025-09-30 00:00:00,130507.10831050511,1035942.2004394531,1166449.3087499582,16.64493087499581
2025-10-01 00:00:00,1169187.4322811193,0.0,1169187.4322811193,16.918743228111932
2025-10-03 00:00:00,1169187.4322811193,0.0,1169187.4322811193,16.918743228111932
2025-10-06 00:00:00,1169187.4322811193,0.0,1169187.4322811193,16.918743228111932
2025-10-07 00:00:00,1169187.4322811193,0.0,1169187.4322811193,16.918743228111932
2025-10-08 00:00:00,1169187.4322811193,0.0,1169187.4322811193,16.918743228111932
2025-10-09 00:00:00,1169187.4322811193,0.0,1169187.4322811193,16.918743228111932
2025-10-10 00:00:00,1169187.4322811193,0.0,1169187.4322811193,16.918743228111932
2025-10-13 00:00:00,1169187.4322811193,0.0,1169187.4322811193,16.918743228111932
2025-10-14 00:00:00,1169187.4322811193,0.0,1169187.4322811193,16.918743228111932
2025-10-15 00:00:00,1169187.4322811193,0.0,1169187.4322811193,16.918743228111932
2025-10-16 00:00:00,1169187.4322811193,0.0,1169187.4322811193,16.918743228111932
2025-10-17 00:00:00,1053451.978233509,115642.92236328125,1169094.9005967902,16.909490059679033
2025-10-20 00:00:00,936554.5722441672,236527.98925781262,1173082.5615019798,17.308256150197977
2025-10-21 00:00:00,819784.6803129998,352946.5129394531,1172731.1932524529,17.27311932524529
2025-10-23 00:00:00,702910.7837202479,465680.0848388672,1168590.868559115,16.85908685591151
2025-10-24 00:00:00,587224.7466234036,582302.4825439453,1169527.229167349,16.952722916734885
2025-10-27 00:00:00,468948.6113727303,713521.2425537109,1182469.8539264412,18.24698539264411
2025-10-28 00:00:00,351930.56034245464,831791.9692382812,1183722.5295807358,18.372252958073588
2025-10-29 00:00:00,233551.02381788509,959754.6208496095,1193305.6446674946,19.330564466749458
2025-10-30 00:00:00,116407.06230643329,1066787.578125,1183194.6404314332,18.31946404314333
2025-10-31 00:00:00,909.1025813328015,1180688.2448730469,1181597.3474543798,18.159734745437973
2025-11-03 00:00:00,909.1025813328015,1179337.8208007812,1180246.9233821142,18.024692338211423
2025-11-04 00:00:00,909.1025813328015,1170123.609375,1171032.711956333,17.103271195633283
2025-11-06 00:00:00,909.1025813328015,1188393.1530761719,1189302.2556575048,18.93022556575048
2025-11-07 00:00:00,909.1025813328015,1174015.8076171875,1174924.9101985204,17.49249101985204
2025-11-10 00:00:00,909.1025813328015,1182991.7490234375,1183900.8516047704,18.390085160477042
2025-11-11 00:00:00,909.1025813328015,1186248.5280761719,1187157.6306575048,18.71576306575047
2025-11-12 00:00:00,909.1025813328015,1200625.7761230469,1201534.8787043798,20.15348787043798
2025-11-13 00:00:00,909.1025813328015,1200149.2360839844,1201058.3386653173,20.105833866531732
2025-11-14 00:00:00,909.1025813328015,1206503.8176269531,1207412.920208286,20.741292020828595
2025-11-17 00:00:00,909.1025813328015,1206027.2775878906,1206936.3801692235,20.693638016922343
2025-11-18 00:00:00,909.1025813328015,1206900.966796875,1207810.069378208,20.78100693782079
2025-11-19 00:00:00,909.1025813328015,1206503.8176269531,1207412.920208286,20.741292020828595
2025-11-20 00:00:00,909.1025813328015,1230492.5236816406,1231401.6262629735,23.140162626297347
2025-11-21 00:00:00,909.1025813328015,1228506.6804199219,1229415.7830012548,22.941578300125485
2025-11-24 00:00:00,909.1025813328015,1220007.3764648438,1220916.4790461767,22.091647904617663
2025-11-25 00:00:00,909.1025813328015,1223025.7880859375,1223934.8906672704,22.393489066727046
2025-11-26 00:00:00,909.1025813328015,1247014.494140625,1247923.596721958,24.792359672195797
2025-11-27 00:00:00,909.1025813328015,1241851.3601074219,1242760.4626887548,24.276046268875472
2025-11-28 00:00:00,909.1025813328015,1245108.1391601562,1246017.2417414892,24.60172417414892
2025-12-01 00:00:00,909.1025813328015,1243996.0825195312,1244905.1851008642,24.49051851008641
2025-12-02 00:00:00,909.1025813328015,1228268.4104003906,1229177.5129817235,22.91775129817235
2025-12-03 00:00:00,909.1025813328015,1222310.9780273438,1223220.0806086767,22.32200806086766
2025-12-04 00:00:00,909.1025813328015,1219769.1064453125,1220678.2090266454,22.067820902664547
2025-12-05 00:00:00,909.1025813328015,1223740.6955566406,1224649.7981379735,22.46497981379736
2025-12-08 00:00:00,909.1025813328015,1225647.1479492188,1226556.2505305517,22.65562505305516
2025-12-09 00:00:00,909.1025813328015,1214844.2424316406,1215753.3450129735,21.575334501297363
2025-12-10 00:00:00,909.1025813328015,1220801.7722167969,1221710.8747981298,22.17108747981298
2025-12-11 00:00:00,909.1025813328015,1227235.7446289062,1228144.8472102392,22.81448472102392
2025-12-12 00:00:00,909.1025813328015,1236370.5651855469,1237279.6677668798,23.727966776687982
2025-12-15 00:00:00,1236052.579996866,0.0,1236052.579996866,23.6052579996866
2025-12-16 00:00:00,1236052.579996866,0.0,1236052.579996866,23.6052579996866
2025-12-17 00:00:00,1236052.579996866,0.0,1236052.579996866,23.6052579996866
2025-12-18 00:00:00,1236052.579996866,0.0,1236052.579996866,23.6052579996866
2025-12-19 00:00:00,1236052.579996866,0.0,1236052.579996866,23.6052579996866
2025-12-22 00:00:00,1236052.579996866,0.0,1236052.579996866,23.6052579996866
2025-12-23 00:00:00,1112439.5356206128,123514.21447753906,1235953.7500981519,23.59537500981519
2025-12-24 00:00:00,989810.225992583,245062.53247070312,1234872.758463286,23.487275846328615
2025-12-26 00:00:00,867102.2199010004,367829.6993408203,1234931.9192418207,23.493191924182067
2025-12-29 00:00:00,743924.8027438476,487700.2821044921,1231625.0848483397,23.162508484833964
2025-12-30 00:00:00,621209.620382537,608487.2114257814,1229696.8318083184,22.969683180831836
2025-12-31 00:00:00,497620.17336382443,744070.1611328125,1241690.3344966369,24.16903344966368
2026-01-01 00:00:00,373621.5028043829,870433.4234619141,1244054.926266297,24.405492626629698
2026-01-02 00:00:00,248308.54146572878,1004872.1223144531,1253180.663780182,25.318066378018187
2026-01-05 00:00:00,124113.12009613414,1120006.8067626953,1244119.9268588293,24.411992685882943
2026-01-06 00:00:00,5466.0020837055345,1188523.9072265625,1193989.909310268,19.398990931026795
2026-01-07 00:00:00,1190360.9680805376,0.0,1190360.9680805376,19.03609680805376
2026-01-08 00:00:00,1190360.9680805376,0.0,1190360.9680805376,19.03609680805376
2026-01-09 00:00:00,1190360.9680805376,0.0,1190360.9680805376,19.03609680805376
2026-01-12 00:00:00,1190360.9680805376,0.0,1190360.9680805376,19.03609680805376
2026-01-13 00:00:00,1190360.9680805376,0.0,1190360.9680805376,19.03609680805376
2026-01-14 00:00:00,1190360.9680805376,0.0,1190360.9680805376,19.03609680805376
2026-01-15 00:00:00,1190360.9680805376,0.0,1190360.9680805376,19.03609680805376
2026-01-16 00:00:00,1190360.9680805376,0.0,1190360.9680805376,19.03609680805376
2026-01-19 00:00:00,1190360.9680805376,0.0,1190360.9680805376,19.03609680805376
2026-01-20 00:00:00,1190360.9680805376,0.0,1190360.9680805376,19.03609680805376
2026-01-21 00:00:00,1190360.9680805376,0.0,1190360.9680805376,19.03609680805376
2026-01-22 00:00:00,1190360.9680805376,0.0,1190360.9680805376,19.03609680805376
2026-01-23 00:00:00,1190360.9680805376,0.0,1190360.9680805376,19.03609680805376
2026-01-27 00:00:00,1190360.9680805376,0.0,1190360.9680805376,19.03609680805376
2026-01-28 00:00:00,1190360.9680805376,0.0,1190360.9680805376,19.03609680805376
2026-01-29 00:00:00,1190360.9680805376,0.0,1190360.9680805376,19.03609680805376
2026-01-30 00:00:00,1190360.9680805376,0.0,1190360.9680805376,19.03609680805376
2026-02-02 00:00:00,1190360.9680805376,0.0,1190360.9680805376,19.03609680805376
2026-02-03 00:00:00,1190360.9680805376,0.0,1190360.9680805376,19.03609680805376
2026-02-04 00:00:00,1190360.9680805376,0.0,1190360.9680805376,19.03609680805376
2026-02-05 00:00:00,1190360.9680805376,0.0,1190360.9680805376,19.03609680805376
2026-02-06 00:00:00,1190360.9680805376,0.0,1190360.9680805376,19.03609680805376
2026-02-09 00:00:00,1190360.9680805376,0.0,1190360.9680805376,19.03609680805376
2026-02-10 00:00:00,1072672.089090441,117594.78552246094,1190266.8746129018,19.026687461290194
2026-02-11 00:00:00,954160.1528877264,236834.36938476562,1190994.522272492,19.099452227249202
2026-02-12 00:00:00,835802.5262142923,351904.5322265625,1187707.0584408548,18.770705844085466
2026-02-13 00:00:00,718424.1591535476,462072.7547607422,1180496.9139142898,18.04969139142898
2026-02-16 00:00:00,601030.4528025156,585068.7584228516,1186099.2112253672,18.609921122536722
2026-02-17 00:00:00,483370.95582414686,696893.8564453126,1180264.8122694595,18.026481226945947
2026-02-18 00:00:00,365634.15069923026,823498.7133789064,1189132.8640781366,18.91328640781367
2026-02-19 00:00:00,249090.8890579872,921779.5814208984,1170870.4704788856,17.087047047888547
2026-02-20 00:00:00,131729.05010421193,1045521.9897460939,1177251.0398503058,17.72510398503058
2026-02-23 00:00:00,13656.137512806235,1169835.1258544922,1183491.2633672985,18.34912633672985
2026-02-24 00:00:00,845.8773897761657,1183290.5703125,1184136.447702276,18.4136447702276
2026-02-25 00:00:00,1158116.5091318286,0.0,1158116.5091318286,15.811650913182863
2026-02-26 00:00:00,1158116.5091318286,0.0,1158116.5091318286,15.811650913182863
2026-02-27 00:00:00,1158116.5091318286,0.0,1158116.5091318286,15.811650913182863
2026-03-02 00:00:00,1158116.5091318286,0.0,1158116.5091318286,15.811650913182863
2026-03-04 00:00:00,1158116.5091318286,0.0,1158116.5091318286,15.811650913182863
2026-03-05 00:00:00,1158116.5091318286,0.0,1158116.5091318286,15.811650913182863
2026-03-06 00:00:00,1158116.5091318286,0.0,1158116.5091318286,15.811650913182863
2026-03-09 00:00:00,1158116.5091318286,0.0,1158116.5091318286,15.811650913182863
2026-03-10 00:00:00,1158116.5091318286,0.0,1158116.5091318286,15.811650913182863
2026-03-11 00:00:00,1158116.5091318286,0.0,1158116.5091318286,15.811650913182863
2026-03-12 00:00:00,1158116.5091318286,0.0,1158116.5091318286,15.811650913182863
2026-03-13 00:00:00,1158116.5091318286,0.0,1158116.5091318286,15.811650913182863
2026-03-16 00:00:00,1158116.5091318286,0.0,1158116.5091318286,15.811650913182863
2026-03-17 00:00:00,1158116.5091318286,0.0,1158116.5091318286,15.811650913182863
2026-03-18 00:00:00,1158116.5091318286,0.0,1158116.5091318286,15.811650913182863
2026-03-19 00:00:00,1042236.0138292764,115787.84765625,1158023.8614855264,15.80238614855265
2026-03-20 00:00:00,926696.6176549967,233709.82348632812,1160406.4411413248,16.040644114132483
2026-03-23 00:00:00,811696.3580923822,347527.5888671874,1159223.9469595696,15.922394695956953
2026-03-24 00:00:00,696369.3487645835,463749.82177734375,1160119.1705419272,16.011917054192715
2026-03-25 00:00:00,580936.1510224317,579517.7314453125,1160453.8824677442,16.045388246774415
2026-03-27 00:00:00,468126.7258180624,665580.232421875,1133706.9582399374,13.37069582399375
2026-03-30 00:00:00,355668.75738824444,775874.6801757812,1131543.4375640256,13.154343756402564
2026-04-01 00:00:00,241093.68469072413,904964.5625,1146058.2471907241,14.605824719072412
2026-04-02 00:00:00,1132984.6731072464,0.0,1132984.6731072464,13.298467310724638
2026-04-06 00:00:00,1132984.6731072464,0.0,1132984.6731072464,13.298467310724638
2026-04-07 00:00:00,1132984.6731072464,0.0,1132984.6731072464,13.298467310724638
2026-04-08 00:00:00,1132984.6731072464,0.0,1132984.6731072464,13.298467310724638
2026-04-09 00:00:00,1132984.6731072464,0.0,1132984.6731072464,13.298467310724638
2026-04-10 00:00:00,1132984.6731072464,0.0,1132984.6731072464,13.298467310724638
2026-04-13 00:00:00,1132984.6731072464,0.0,1132984.6731072464,13.298467310724638
2026-04-15 00:00:00,1132984.6731072464,0.0,1132984.6731072464,13.298467310724638
2026-04-16 00:00:00,1132984.6731072464,0.0,1132984.6731072464,13.298467310724638
2026-04-17 00:00:00,1132984.6731072464,0.0,1132984.6731072464,13.298467310724638
2026-04-20 00:00:00,1132984.6731072464,0.0,1132984.6731072464,13.298467310724638
2026-04-21 00:00:00,1132984.6731072464,0.0,1132984.6731072464,13.298467310724638
2026-04-22 00:00:00,1132984.6731072464,0.0,1132984.6731072464,13.298467310724638
2026-04-23 00:00:00,1132984.6731072464,0.0,1132984.6731072464,13.298467310724638
2026-04-24 00:00:00,1132984.6731072464,0.0,1132984.6731072464,13.298467310724638
2026-04-27 00:00:00,1020054.709148092,112839.67529296875,1132894.3844410607,13.289438444106061
2026-04-28 00:00:00,906598.3590057458,228113.78906250012,1134712.148068246,13.471214806824605
2026-04-29 00:00:00,793000.3487296677,347615.76171875,1140616.1104484177,14.061611044841783
2026-04-30 00:00:00,678971.9748422117,462869.9035644531,1141841.8784066648,14.184187840666485
2026-05-01 00:00:00,564943.6009547557,576807.1105957031,1141750.7115504588,14.175071155045881
2026-05-04 00:00:00,449798.60103695135,704881.3051757812,1154679.9062127327,15.467990621273264
2026-05-05 00:00:00,334614.2528873706,820214.4396972656,1154828.6925846362,15.482869258463605
2026-05-06 00:00:00,221452.47334024898,918883.2678222656,1140335.7411625145,14.033574116251458
2026-05-07 00:00:00,108424.48936269239,1030734.4533691407,1139158.942731833,13.915894273183316
2026-05-08 00:00:00,1194.1531152204552,1137161.40234375,1138355.5554589704,13.835555545897037
2026-05-11 00:00:00,1194.1531152204552,1099921.583984375,1101115.7370995954,10.111573709959544
2026-05-12 00:00:00,1194.1531152204552,1080747.0400390625,1081941.1931542829,8.194119315428283
2026-05-13 00:00:00,1194.1531152204552,1076626.923828125,1077821.0769433454,7.782107694334539
2026-05-14 00:00:00,1194.1531152204552,1079003.9438476562,1080198.0969628766,8.01980969628766
2026-05-15 00:00:00,1194.1531152204552,1058878.611328125,1060072.7644433454,6.007276444334542
2026-05-18 00:00:00,1194.1531152204552,1058482.4575195312,1059676.6106347516,5.9676610634751714
2026-05-19 00:00:00,1048379.3832246036,0.0,1048379.3832246036,4.837938322460356
2026-05-20 00:00:00,1048379.3832246036,0.0,1048379.3832246036,4.837938322460356
2026-05-21 00:00:00,1048379.3832246036,0.0,1048379.3832246036,4.837938322460356
2026-05-22 00:00:00,1048379.3832246036,0.0,1048379.3832246036,4.837938322460356
2026-05-25 00:00:00,1048379.3832246036,0.0,1048379.3832246036,4.837938322460356
2026-05-26 00:00:00,1048379.3832246036,0.0,1048379.3832246036,4.837938322460356
2026-05-27 00:00:00,1048379.3832246036,0.0,1048379.3832246036,4.837938322460356
2026-05-28 00:00:00,1048379.3832246036,0.0,1048379.3832246036,4.837938322460356
2026-05-29 00:00:00,1048379.3832246036,0.0,1048379.3832246036,4.837938322460356
2026-06-01 00:00:00,1048379.3832246036,0.0,1048379.3832246036,4.837938322460356
2026-06-02 00:00:00,1048379.3832246036,0.0,1048379.3832246036,4.837938322460356
2026-06-03 00:00:00,1048379.3832246036,0.0,1048379.3832246036,4.837938322460356
2026-06-04 00:00:00,1048379.3832246036,0.0,1048379.3832246036,4.837938322460356
2026-06-05 00:00:00,1048379.3832246036,0.0,1048379.3832246036,4.837938322460356
2026-06-08 00:00:00,1048379.3832246036,0.0,1048379.3832246036,4.837938322460356
2026-06-09 00:00:00,1048379.3832246036,0.0,1048379.3832246036,4.837938322460356
2026-06-10 00:00:00,1048379.3832246036,0.0,1048379.3832246036,4.837938322460356
2026-06-11 00:00:00,1048379.3832246036,0.0,1048379.3832246036,4.837938322460356
2026-06-12 00:00:00,1048379.3832246036,0.0,1048379.3832246036,4.837938322460356
2026-06-15 00:00:00,1048379.3832246036,0.0,1048379.3832246036,4.837938322460356
2026-06-16 00:00:00,1048379.3832246036,0.0,1048379.3832246036,4.837938322460356
2026-06-17 00:00:00,1048379.3832246036,0.0,1048379.3832246036,4.837938322460356
2026-06-18 00:00:00,1048379.3832246036,0.0,1048379.3832246036,4.837938322460356
2026-06-19 00:00:00,1048379.3832246036,0.0,1048379.3832246036,4.837938322460356
2026-06-22 00:00:00,1048379.3832246036,0.0,1048379.3832246036,4.837938322460356
2026-06-23 00:00:00,943535.5595106037,104760.0,1048295.5595106037,4.82955595106036
2026-06-24 00:00:00,839678.1263546979,208862.39611816406,1048540.5224728619,4.854052247286189
2026-06-25 00:00:00,735464.9087454671,313707.79418945324,1049172.7029349203,4.9172702934920265
2026-06-26 00:00:00,631251.6911362363,417837.6922607422,1049089.3833969785,4.908938339697855
2026-06-29 00:00:00,527088.4115242363,516497.0,1043585.4115242363,4.358541152423623
2026-06-30 00:00:00,423493.5844427485,617190.3116455078,1040683.8960882563,4.068389608825629
2026-07-01 00:00:00,318769.8567467485,728556.0,1047325.8567467486,4.73258567467485
2026-07-02 00:00:00,214406.41710474849,830329.5,1044735.9171047485,4.473591710474856
2026-07-03 00:00:00,110002.9454567485,934968.0,1044970.9454567485,4.49709454567484
2026-07-06 00:00:00,4214.362491772903,1053076.1389160156,1057290.5014077886,5.7290501407788685
2026-07-07 00:00:00,286.0216696921116,1046720.01953125,1047006.0412009421,4.7006041200942095
2026-07-08 00:00:00,1020189.6182933201,0.0,1020189.6182933201,2.018961829332011
2026-07-09 00:00:00,1020189.6182933201,0.0,1020189.6182933201,2.018961829332011
2026-07-10 00:00:00,1020189.6182933201,0.0,1020189.6182933201,2.018961829332011
2026-07-13 00:00:00,1020189.6182933201,0.0,1020189.6182933201,2.018961829332011
2026-07-14 00:00:00,1020189.6182933201,0.0,1020189.6182933201,2.018961829332011
2026-07-15 00:00:00,1020189.6182933201,0.0,1020189.6182933201,2.018961829332011
2026-07-16 00:00:00,1020189.6182933201,0.0,1020189.6182933201,2.018961829332011
2026-07-17 00:00:00,1020189.6182933201,0.0,1020189.6182933201,2.018961829332011
2026-07-20 00:00:00,1020189.6182933201,0.0,1020189.6182933201,2.018961829332011
2026-07-21 00:00:00,1020189.6182933201,0.0,1020189.6182933201,2.018961829332011
2026-07-22 00:00:00,1020189.6182933201,0.0,1020189.6182933201,2.018961829332011
2026-07-23 00:00:00,1020189.6182933201,0.0,1020189.6182933201,2.018961829332011
2026-07-24 00:00:00,1020189.6182933201,0.0,1020189.6182933201,2.018961829332011
2026-07-27 00:00:00,1020189.6182933201,0.0,1020189.6182933201,2.018961829332011
2026-07-28 00:00:00,1020189.6182933201,0.0,1020189.6182933201,2.018961829332011
2026-07-29 00:00:00,1020189.6182933201,0.0,1020189.6182933201,2.018961829332011
2026-07-30 00:00:00,1020189.6182933201,0.0,1020189.6182933201,2.018961829332011
2026-07-31 00:00:00,1020189.6182933201,0.0,1020189.6182933201,2.018961829332011
2026-08-03 00:00:00,1020189.6182933201,0.0,1020189.6182933201,2.018961829332011
2026-08-04 00:00:00,1020189.6182933201,0.0,1020189.6182933201,2.018961829332011
2026-08-05 00:00:00,1020189.6182933201,0.0,1020189.6182933201,2.018961829332011
2026-08-06 00:00:00,1020189.6182933201,0.0,1020189.6182933201,2.018961829332011
2026-08-07 00:00:00,1020189.6182933201,0.0,1020189.6182933201,2.018961829332011
2026-08-10 00:00:00,919234.0996081933,100874.8037109375,1020108.9033191308,2.0108903319130844
2026-08-11 00:00:00,817212.2301957613,202556.70373535156,1019768.9339311129,1.9768933931112898
2026-08-12 00:00:00,716127.4118451613,304341.0,1020468.4118451613,2.046841184516124
2026-08-13 00:00:00,614637.2694338113,403002.0,1017639.2694338113,1.7639269433811222
2026-08-14 00:00:00,513686.5583033113,501729.99999999994,1015416.5583033112,1.5416558303311234
2026-08-17 00:00:00,412273.4775035113,605360.0,1017633.4775035114,1.7633477503511408
